"Abbey","4c4f56","abbey"
"Absolute Zero","0048ba","absolute zero"
"Acadia","1b1404","acadia"
"Acapulco","7cb0a1","acapulco"
"Aero Blue","c9ffe5","aero blue"
"Affair","714693","affair"
"Akaroa","d4c4a8","akaroa"
"Alabaster","fafafa","alabaster"
"Albescent White","f5e9d3","albescent white"
"Algae Green","93dfb8","algae green"
"Alice Blue","f0f8ff","alice blue"
"Alien Armpit","84de02","alien armpit"
"Alizarin Crimson","e32636","alizarin crimson"
"Alloy Orange","c46210","alloy orange"
"Allports","0076a3","allports"
"Almond Frost","907b71","almond frost"
"Almond","eed9c4","almond"
"Almond","efdecd","almond"
"Alpine","af8f2c","alpine"
"Alto","dbdbdb","alto"
"Aluminium","a9acb6","aluminium"
"Amaranth","e52b50","amaranth"
"Amazon","3b7a57","amazon"
"Amber","ffbf00","amber"
"Americano","87756e","americano"
"Amethyst Smoke","a397b4","amethyst smoke"
"Amethyst","64609a","amethyst"
"Amethyst","9966cc","amethyst"
"Amour","f9eaf3","amour"
"Amulet","7b9f80","amulet"
"Anakiwa","9de5ff","anakiwa"
"Antique Brass","c88a65","antique brass"
"Antique Brass","cd9575","antique brass"
"Antique Bronze","704a07","antique bronze"
"Anzac","e0b646","anzac"
"Apache","dfbe6f","apache"
"Apple Blossom","af4d43","apple blossom"
"Apple Green","e2f3ec","apple green"
"Apple","4fa83d","apple"
"Apricot Peach","fbceb1","apricot peach"
"Apricot White","fffeec","apricot white"
"Apricot","eb9373","apricot"
"Apricot","fdd9b5","apricot"
"Aqua Deep","014b43","aqua deep"
"Aqua Forest","5fa777","aqua forest"
"Aqua Haze","edf5f5","aqua haze"
"Aqua Island","a1dad7","aqua island"
"Aqua Pearl","5fbed7","aqua pearl"
"Aqua Spring","eaf9f5","aqua spring"
"Aqua Squeeze","e8f5f2","aqua squeeze"
"Aquamarine Blue","71d9e2","aquamarine blue"
"Aquamarine","78dbe2","aquamarine"
"Aquamarine","7fffd4","aquamarine"
"Arapawa","110c6c","arapawa"
"Armadillo","433e37","armadillo"
"Arrowtown","948771","arrowtown"
"Ash","c6c3b5","ash"
"Asparagus","7ba05b","asparagus"
"Asparagus","87a96b","asparagus"
"Asphalt","130a06","asphalt"
"Astra","faeab9","astra"
"Astral","327da0","astral"
"Astronaut Blue","013e62","astronaut blue"
"Astronaut","283a77","astronaut"
"Athens Gray","eef0f3","athens gray"
"Aths Special","ecebce","aths special"
"Atlantis","97cd2d","atlantis"
"Atoll","0a6f75","atoll"
"Atomic Tangerine","ff9966","atomic tangerine"
"Atomic Tangerine","ffa474","atomic tangerine"
"Au Chico","97605d","au chico"
"Aubergine","3b0910","aubergine"
"Australian Mint","f5ffbe","australian mint"
"Avocado","888d65","avocado"
"Axolotl","4e6649","axolotl"
"Azalea","f7c8da","azalea"
"Aztec Gold","c39953","aztec gold"
"Aztec","0d1c19","aztec"
"Azure Radiance","007fff","azure radiance"
"Azure","315ba1","azure"
"Baby Blue","e0ffff","baby blue"
"Baby Powder","fefefa","baby powder"
"Bahama Blue","026395","bahama blue"
"Bahia","a5cb0c","bahia"
"Baja White","fff8d1","baja white"
"Bali Hai","859faf","bali hai"
"Baltic Sea","2a2630","baltic sea"
"Bamboo","da6304","bamboo"
"Banana Mania","fae7b5","banana mania"
"Banana Mania","fbe7b2","banana mania"
"Banana","ffd12a","banana"
"Bandicoot","858470","bandicoot"
"Barberry","ded717","barberry"
"Barley Corn","a68b5b","barley corn"
"Barley White","fff4ce","barley white"
"Barossa","44012d","barossa"
"Bastille","292130","bastille"
"Battleship Gray","828f72","battleship gray"
"Bay Leaf","7da98d","bay leaf"
"Bay of Many","273a81","bay of many"
"Bazaar","98777b","bazaar"
"Bdazzled Blue","2e5894","bdazzled blue"
"Bean ","3d0c02","bean "
"Beauty Bush","eec1be","beauty bush"
"Beaver","926f5b","beaver"
"Beaver","9f8170","beaver"
"Beeswax","fef2c7","beeswax"
"Beige","f5f5dc","beige"
"Bermuda Gray","6b8ba2","bermuda gray"
"Bermuda","7dd8c6","bermuda"
"Beryl Green","dee5c0","beryl green"
"Bianca","fcfbf3","bianca"
"Big Dip O Ruby","9c2542","big dip o ruby"
"Big Foot Feet","e88e5a","big foot feet"
"Big Stone","162a40","big stone"
"Bilbao","327c14","bilbao"
"Biloba Flower","b2a1ea","biloba flower"
"Birch","373021","birch"
"Bird Flower","d4cd16","bird flower"
"Biscay","1b3162","biscay"
"Bismark","497183","bismark"
"Bison Hide","c1b7a4","bison hide"
"Bistre","3d2b1f","bistre"
"Bitter Lemon","cae00d","bitter lemon"
"Bitter","868974","bitter"
"Bittersweet Shimmer","bf4f51","bittersweet shimmer"
"Bittersweet","fd7c6e","bittersweet"
"Bittersweet","fe6f5e","bittersweet"
"Bizarre","eededa","bizarre"
"Black Bean","081910","black bean"
"Black Coral Pearl","54626f","black coral pearl"
"Black Forest","0b1304","black forest"
"Black Haze","f6f7f7","black haze"
"Black Marlin","3e2c1c","black marlin"
"Black Olive","242e16","black olive"
"Black Pearl","041322","black pearl"
"Black Rock","0d0332","black rock"
"Black Rose","67032d","black rose"
"Black Russian","0a001c","black russian"
"Black Shadows","bfafb2","black shadows"
"Black Squeeze","f2fafa","black squeeze"
"Black White","fffef6","black white"
"Black","000000","black"
"Blackberry","4d0135","blackberry"
"Blackcurrant","32293a","blackcurrant"
"Blast Off Bronze","a57164","blast off bronze"
"Blaze Orange","ff6600","blaze orange"
"Bleach White","fef3d8","bleach white"
"Bleached Cedar","2c2133","bleached cedar"
"Blizzard Blue","a3e3ed","blizzard blue"
"Blizzard Blue","ace5ee","blizzard blue"
"Blossom","dcb4bc","blossom"
"Blue Bayoux","496679","blue bayoux"
"Blue Bell","9999cc","blue bell"
"Blue Bell","a2a2d0","blue bell"
"Blue Chalk","f1e9ff","blue chalk"
"Blue Charcoal","010d1a","blue charcoal"
"Blue Chill","0c8990","blue chill"
"Blue Diamond","380474","blue diamond"
"Blue Dianne","204852","blue dianne"
"Blue Gem","2c0e8c","blue gem"
"Blue Gray","00069c","blue gray"
"Blue Green","0d98ba","blue green"
"Blue Haze","bfbed8","blue haze"
"Blue Jeans","5dadec","blue jeans"
"Blue Lagoon","017987","blue lagoon"
"Blue Marguerite","7666c6","blue marguerite"
"Blue Ribbon","0066ff","blue ribbon"
"Blue Romance","d2f6de","blue romance"
"Blue Smoke","748881","blue smoke"
"Blue Stone","016162","blue stone"
"Blue Violet","6456b7","blue violet"
"Blue Violet","7366bd","blue violet"
"Blue Whale","042e4c","blue whale"
"Blue Zodiac","13264d","blue zodiac"
"Blue","0000ff","blue"
"Blue","1f75fe","blue"
"Blueberry","4f86f7","blueberry"
"Blumine","18587a","blumine"
"Blush Pink","ff6fff","blush pink"
"Blush","b44668","blush"
"Blush","de5d83","blush"
"Bombay","afb1b8","bombay"
"Bon Jour","e5e0e1","bon jour"
"Bondi Blue","0095b6","bondi blue"
"Bone","e4d1c0","bone"
"Booger Buster","dde26a","booger buster"
"Bordeaux","5c0120","bordeaux"
"Bossanova","4e2a5a","bossanova"
"Boston Blue","3b91b4","boston blue"
"Botticelli","c7dde5","botticelli"
"Bottle Green","093624","bottle green"
"Boulder","7a7a7a","boulder"
"Bouquet","ae809e","bouquet"
"Bourbon","ba6f1e","bourbon"
"Bracken","4a2a04","bracken"
"Brandy Punch","cd8429","brandy punch"
"Brandy Rose","bb8983","brandy rose"
"Brandy","dec196","brandy"
"Breaker Bay","5da19f","breaker bay"
"Brick Red","c62d42","brick red"
"Brick Red","cb4154","brick red"
"Bridal Heath","fffaf4","bridal heath"
"Bridesmaid","fef0ec","bridesmaid"
"Bright Gray","3c4151","bright gray"
"Bright Green","66ff00","bright green"
"Bright Red","b10000","bright red"
"Bright Sun","fed33c","bright sun"
"Bright Turquoise","08e8de","bright turquoise"
"Bright Yellow","ffaa1d","bright yellow"
"Brilliant Rose","f653a6","brilliant rose"
"Brink Pink","fb607f","brink pink"
"Bronco","aba196","bronco"
"Bronze Olive","4e420c","bronze olive"
"Bronze","3f2109","bronze"
"Bronzetone","4d400f","bronzetone"
"Broom","ffec13","broom"
"Brown Bramble","592804","brown bramble"
"Brown Derby","492615","brown derby"
"Brown Pod","401801","brown pod"
"Brown Rust","af593e","brown rust"
"Brown Sugar","af6e4d","brown sugar"
"Brown Tumbleweed","37290e","brown tumbleweed"
"Brown","964b00","brown"
"Brown","b4674d","brown"
"Bubble Gum","ffd3f8","bubble gum"
"Bubbles","e7feff","bubbles"
"Buccaneer","622f30","buccaneer"
"Bud","a8ae9c","bud"
"Buddha Gold","c1a004","buddha gold"
"Buff","f0dc82","buff"
"Bulgarian Rose","480607","bulgarian rose"
"Bull Shot","864d1e","bull shot"
"Bunker","0d1117","bunker"
"Bunting","151f4c","bunting"
"Burgundy","900020","burgundy"
"Burnham","002e20","burnham"
"Burning Orange","ff7034","burning orange"
"Burning Sand","d99376","burning sand"
"Burnished Brown","a17a74","burnished brown"
"Burnt Maroon","420303","burnt maroon"
"Burnt Orange","cc5500","burnt orange"
"Burnt Orange","ff7f49","burnt orange"
"Burnt Sienna","e97451","burnt sienna"
"Burnt Sienna","ea7e5d","burnt sienna"
"Burnt Umber","8a3324","burnt umber"
"Bush","0d2e1c","bush"
"Buttercup","f3ad16","buttercup"
"Buttered Rum","a1750d","buttered rum"
"Butterfly Bush","624e9a","butterfly bush"
"Buttermilk","fff1b5","buttermilk"
"Buttery White","fffcea","buttery white"
"Cab Sav","4d0a18","cab sav"
"Cabaret","d94972","cabaret"
"Cabbage Pont","3f4c3a","cabbage pont"
"Cactus","587156","cactus"
"Cadet Blue","a9b2c3","cadet blue"
"Cadet Blue","b0b7c6","cadet blue"
"Cadillac","b04c6a","cadillac"
"Cafe Royale","6f440c","cafe royale"
"Calico","e0c095","calico"
"California","fe9d04","california"
"Calypso","31728d","calypso"
"Camarone","00581a","camarone"
"Camelot","893456","camelot"
"Cameo","d9b99b","cameo"
"Camouflage Green","78866b","camouflage green"
"Camouflage","3c3910","camouflage"
"Can Can","d591a4","can can"
"Canary","000ff9","canary"
"Canary","f3fb62","canary"
"Candlelight","fcd917","candlelight"
"Candy Corn","fbec5d","candy corn"
"Cannon Black","251706","cannon black"
"Cannon Pink","894367","cannon pink"
"Cape Cod","3c4443","cape cod"
"Cape Honey","fee5ac","cape honey"
"Cape Palliser","a26645","cape palliser"
"Caper","dcedb4","caper"
"Caramel","ffddaf","caramel"
"Cararra","eeeee8","cararra"
"Cardin Green","01361c","cardin green"
"Cardinal Pink","8c055e","cardinal pink"
"Cardinal","c41e3a","cardinal"
"Careys Pink","d29eaa","careys pink"
"Caribbean Green Pearl","6ada8e","caribbean green pearl"
"Caribbean Green","00cc99","caribbean green"
"Caribbean Green","1cd3a2","caribbean green"
"Carissma","ea88a8","carissma"
"Carla","f3ffd8","carla"
"Carmine","960018","carmine"
"Carnaby Tan","5c2e01","carnaby tan"
"Carnation Pink","000fac","carnation pink"
"Carnation Pink","ffa6c9","carnation pink"
"Carnation","f95a61","carnation"
"Carousel Pink","f9e0ed","carousel pink"
"Carrot Orange","ed9121","carrot orange"
"Casablanca","f8b853","casablanca"
"Casal","2f6168","casal"
"Cascade","8ba9a5","cascade"
"Cashmere","e6bea5","cashmere"
"Casper","adbed1","casper"
"Castro","52001f","castro"
"Catalina Blue","062a78","catalina blue"
"Catskill White","eef6f7","catskill white"
"Cavern Pink","e3bebe","cavern pink"
"Cedar Chest","c95a49","cedar chest"
"Cedar Wood Finish","711a00","cedar wood finish"
"Cedar","3e1c14","cedar"
"Celadon","ace1af","celadon"
"Celery","b8c25d","celery"
"Celeste","d1d2ca","celeste"
"Cello","1e385b","cello"
"Celtic","163222","celtic"
"Cement","8d7662","cement"
"Ceramic","fcfff9","ceramic"
"Cerise Red","de3163","cerise red"
"Cerise","da3287","cerise"
"Cerise","dd4492","cerise"
"Cerulean Blue","2a52be","cerulean blue"
"Cerulean Frost","6d9bc3","cerulean frost"
"Cerulean","02a4d3","cerulean"
"Cerulean","1dacd6","cerulean"
"Chablis","fff4f3","chablis"
"Chalet Green","516e3d","chalet green"
"Chalky","eed794","chalky"
"Chambray","354e8c","chambray"
"Chamois","eddcb1","chamois"
"Champagne","faeccc","champagne"
"Chantilly","f8c3df","chantilly"
"Charade","292937","charade"
"Chardon","fff3f1","chardon"
"Chardonnay","ffcd8c","chardonnay"
"Charlotte","baeef9","charlotte"
"Charm","d47494","charm"
"Chartreuse Yellow","dfff00","chartreuse yellow"
"Chartreuse","7fff00","chartreuse"
"Chateau Green","40a860","chateau green"
"Chatelle","bdb3c7","chatelle"
"Chathams Blue","175579","chathams blue"
"ChattyBack","#9FC3D0","chattyback"
"ChattyFill","#123D56","chattyfill"
"Chelsea Cucumber","83aa5d","chelsea cucumber"
"Chelsea Gem","9e5302","chelsea gem"
"Chenin","dfcd6f","chenin"
"Cherokee","fcda98","cherokee"
"Cherry Pie","2a0359","cherry pie"
"Cherry","da2647","cherry"
"Cherrywood","651a14","cherrywood"
"Cherub","f8d9e9","cherub"
"Chestnut Rose","cd5c5c","chestnut rose"
"Chestnut","b94e48","chestnut"
"Chestnut","bc5d58","chestnut"
"Chetwode Blue","8581d9","chetwode blue"
"Chicago","5d5c58","chicago"
"Chiffon","f1ffc8","chiffon"
"Chilean Fire","f77703","chilean fire"
"Chilean Heath","fffde6","chilean heath"
"China Ivory","fcffe7","china ivory"
"Chino","cec7a7","chino"
"Chinook","a8e3bd","chinook"
"Chocolate","370202","chocolate"
"Chocolate","bd8260","chocolate"
"Christalle","33036b","christalle"
"Christi","67a712","christi"
"Christine","e7730a","christine"
"Chrome White","e8f1d4","chrome white"
"Cinder","0e0e18","cinder"
"Cinderella","fde1dc","cinderella"
"Cinnabar","e34234","cinnabar"
"Cinnamon Satin","cd607e","cinnamon satin"
"Cinnamon","7b3f00","cinnamon"
"Cioccolato","55280c","cioccolato"
"Citrine White","faf7d6","citrine white"
"Citrine","933709","citrine"
"Citron","9ea91f","citron"
"Citrus","a1c50a","citrus"
"Clairvoyant","480656","clairvoyant"
"Clam Shell","d4b6af","clam shell"
"Claret","7f1734","claret"
"Classic Rose","fbcce7","classic rose"
"Clay Ash","bdc8b3","clay ash"
"Clay Creek","8a8360","clay creek"
"Clear Day","e9fffd","clear day"
"Clementine","e96e00","clementine"
"Clinker","371d09","clinker"
"Cloud Burst","202e54","cloud burst"
"Cloud","c7c4bf","cloud"
"Cloudy","aca59f","cloudy"
"Clover","384910","clover"
"Cobalt","0047ab","cobalt"
"Cocoa Bean","481c1c","cocoa bean"
"Cocoa Brown","301f1e","cocoa brown"
"Coconut Cream","f8f7dc","coconut cream"
"Coconut","fefefe","coconut"
"Cod Gray","0b0b0b","cod gray"
"Coffee Bean","2a140e","coffee bean"
"Coffee","706555","coffee"
"Cognac","9f381d","cognac"
"Cola","3f2500","cola"
"Cold Purple","aba0d9","cold purple"
"Cold Turkey","cebaba","cold turkey"
"Colonial White","ffedbc","colonial white"
"Comet","5c5d75","comet"
"Como","517c66","como"
"Conch","c9d9d2","conch"
"Concord","7c7b7a","concord"
"Concrete","f2f2f2","concrete"
"Confetti","e9d75a","confetti"
"Congo Brown","593737","congo brown"
"Congress Blue","02478e","congress blue"
"Conifer","acdd4d","conifer"
"Contessa","c6726b","contessa"
"Copper Canyon","7e3a15","copper canyon"
"Copper Penny","ad6f69","copper penny"
"Copper Rose","996666","copper rose"
"Copper Rust","944747","copper rust"
"Copper","b87333","copper"
"Copper","dd9475","copper"
"Copperfield","da8a67","copperfield"
"Coral Red","ff4040","coral red"
"Coral Reef","c7bca2","coral reef"
"Coral Tree","a86b6b","coral tree"
"Coral","ff7f50","coral"
"Corduroy","606e68","corduroy"
"Coriander","c4d0b0","coriander"
"Cork","40291d","cork"
"Corn Field","f8facd","corn field"
"Corn Harvest","8b6b0b","corn harvest"
"Corn","e7bf05","corn"
"Cornflower Blue","6495ed","cornflower blue"
"Cornflower Lilac","ffb0ac","cornflower lilac"
"Cornflower","93ccea","cornflower"
"Cornflower","9aceeb","cornflower"
"Corvette","fad3a2","corvette"
"Cosmic Cobalt","2e2d88","cosmic cobalt"
"Cosmic","76395d","cosmic"
"Cosmos","ffd8d9","cosmos"
"Costa Del Sol","615d30","costa del sol"
"Cotton Candy","ffb7d5","cotton candy"
"Cotton Candy","ffbcd9","cotton candy"
"Cotton Seed","c2bdb6","cotton seed"
"County Green","01371a","county green"
"Cowboy","4d282d","cowboy"
"Crail","b95140","crail"
"Cranberry","db5079","cranberry"
"Crater Brown","462425","crater brown"
"Cream Brulee","ffe5a0","cream brulee"
"Cream Can","f5c85c","cream can"
"Cream","fffdd0","cream"
"Creole","1e0f04","creole"
"Crete","737829","crete"
"Crimson","dc143c","crimson"
"Crocodile","736d58","crocodile"
"Crown of Thorns","771f1f","crown of thorns"
"Crowshead","1c1208","crowshead"
"Cruise","b5ecdf","cruise"
"Crusoe","004816","crusoe"
"Crusta","fd7b33","crusta"
"Cultured Pearl","f5f5f5","cultured pearl"
"Cumin","924321","cumin"
"Cumulus","fdffd5","cumulus"
"Cupid","fbbeda","cupid"
"Curious Blue","2596d1","curious blue"
"Cutty Sark","507672","cutty sark"
"Cyan / Aqua","00ffff","cyan aqua"
"Cyber Grape","58427c","cyber grape"
"Cyprus","003e40","cyprus"
"Daffodil","ffff31","daffodil"
"Daintree","012731","daintree"
"Dairy Cream","f9e4bc","dairy cream"
"Daisy Bush","4f2398","daisy bush"
"Dallas","6e4b26","dallas"
"Dandelion","fddb6d","dandelion"
"Dandelion","fed85d","dandelion"
"Danube","6093d1","danube"
"Dark Blue","0000c8","dark blue"
"Dark Burgundy","770f05","dark burgundy"
"Dark Ebony","3c2005","dark ebony"
"Dark Fern","0a480d","dark fern"
"Dark Tan","661010","dark tan"
"Dawn Pink","f3e9e5","dawn pink"
"Dawn","a6a29a","dawn"
"De York","7ac488","de york"
"Deco","d2da97","deco"
"Deep Blue","220878","deep blue"
"Deep Blush","e47698","deep blush"
"Deep Bronze","4a3004","deep bronze"
"Deep Cerulean","007ba7","deep cerulean"
"Deep Cove","051040","deep cove"
"Deep Fir","002900","deep fir"
"Deep Forest Green","182d09","deep forest green"
"Deep Koamaru","1b127b","deep koamaru"
"Deep Oak","412010","deep oak"
"Deep Sapphire","082567","deep sapphire"
"Deep Sea Green","095859","deep sea green"
"Deep Sea","01826b","deep sea"
"Deep Space Sparkle","4a646c","deep space sparkle"
"Deep Teal","003532","deep teal"
"Del Rio","b09a95","del rio"
"Dell","396413","dell"
"Delta","a4a49d","delta"
"Deluge","7563a8","deluge"
"Denim Blue","2243b6","denim blue"
"Denim","1560bd","denim"
"Denim","2b6cc4","denim"
"Derby","ffeed8","derby"
"Desert Sand","edc9af","desert sand"
"Desert Sand","efcdb8","desert sand"
"Desert Storm","f8f8f7","desert storm"
"Desert","ae6020","desert"
"Dew","eafffe","dew"
"Di Serria","db995e","di serria"
"Diesel","130000","diesel"
"Dingley","5d7747","dingley"
"Dingy Dungeon","c53151","dingy dungeon"
"Dirt","9b7653","dirt"
"Disco","871550","disco"
"Dixie","e29418","dixie"
"Dodger Blue","1e90ff","dodger blue"
"Dolly","f9ff8b","dolly"
"Dolphin","646077","dolphin"
"Domino","8e775e","domino"
"Don Juan","5d4c51","don juan"
"Donkey Brown","a69279","donkey brown"
"Dorado","6b5755","dorado"
"Double Colonial White","eee3ad","double colonial white"
"Double Pearl Lusta","fcf4d0","double pearl lusta"
"Double Spanish White","e6d7b9","double spanish white"
"Dove Gray","6d6c6c","dove gray"
"Downriver","092256","downriver"
"Downy","6fd0c5","downy"
"Driftwood","af8751","driftwood"
"Drover","fdf7ad","drover"
"Dull Lavender","a899e6","dull lavender"
"Dune","383533","dune"
"Dust Storm","e5ccc9","dust storm"
"Dusty Gray","a8989b","dusty gray"
"Eagle","b6baa4","eagle"
"Earls Green","c9b93b","earls green"
"Early Dawn","fff9e6","early dawn"
"East Bay","414c7d","east bay"
"East Side","ac91ce","east side"
"Eastern Blue","1e9ab0","eastern blue"
"Ebb","e9e3e3","ebb"
"Ebony Clay","26283b","ebony clay"
"Ebony","0c0b1d","ebony"
"Eclipse","311c17","eclipse"
"Ecru White","f5f3e5","ecru white"
"Ecstasy","fa7814","ecstasy"
"Eden","105852","eden"
"Edgewater","c8e3d7","edgewater"
"Edward","a2aeab","edward"
"Eerie Black","1b1b1b","eerie black"
"Egg Sour","fff4dd","egg sour"
"Egg White","ffefc1","egg white"
"Eggplant","614051","eggplant"
"Eggplant","6e5160","eggplant"
"El Paso","1e1708","el paso"
"El Salva","8f3e33","el salva"
"Electric Lime","ccff00","electric lime"
"Electric Lime","ceff1d","electric lime"
"Electric Violet","8b00ff","electric violet"
"Elephant","123447","elephant"
"Elf Green","088370","elf green"
"Elm","1c7c7d","elm"
"Emerald","14a989","emerald"
"Emerald","50c878","emerald"
"Eminence","6c3082","eminence"
"Emperor","514649","emperor"
"Empress","817377","empress"
"Endeavour","0056a7","endeavour"
"Energy Yellow","f8dd5c","energy yellow"
"English Holly","022d15","english holly"
"English Walnut","3e2b23","english walnut"
"Envy","8ba690","envy"
"Equator","e1bc64","equator"
"Espresso","612718","espresso"
"Eternity","211a0e","eternity"
"Eucalyptus","278a5b","eucalyptus"
"Eucalyptus","44d7a8","eucalyptus"
"Eunry","cfa39d","eunry"
"Evening Sea","024e46","evening sea"
"Everglade","1c402e","everglade"
"Faded Jade","427977","faded jade"
"Fair Pink","ffefec","fair pink"
"Falcon","7f626d","falcon"
"Fall Green","ecebbd","fall green"
"Falu Red","801818","falu red"
"Fantasy","faf3f0","fantasy"
"Fedora","796a78","fedora"
"Feijoa","9fdd8c","feijoa"
"Fern Frond","657220","fern frond"
"Fern Green","4f7942","fern green"
"Fern","63b76c","fern"
"Fern","71bc78","fern"
"Ferra","704f50","ferra"
"Festival","fbe96c","festival"
"Feta","f0fcea","feta"
"Fiery Orange","b35213","fiery orange"
"Fiery Rose","ff5470","fiery rose"
"Finch","626649","finch"
"Finlandia","556d56","finlandia"
"Finn","692d54","finn"
"Fiord","405169","fiord"
"Fire Bush","e89928","fire bush"
"Fire","aa4203","fire"
"Firefly","0e2a30","firefly"
"Flame Pea","da5b38","flame pea"
"Flamenco","ff7d07","flamenco"
"Flamingo","f2552a","flamingo"
"Flax Smoke","7b8265","flax smoke"
"Flax","eedc82","flax"
"Flesh","ffcba4","flesh"
"Flint","6f6a61","flint"
"Flirt","a2006d","flirt"
"Flush Mahogany","ca3435","flush mahogany"
"Flush Orange","ff7f00","flush orange"
"Foam","d8fcfa","foam"
"Fog","d7d0ff","fog"
"Foggy Gray","cbcab6","foggy gray"
"Forest Green","228b22","forest green"
"Forest Green","6dae81","forest green"
"Forget Me Not","fff1ee","forget me not"
"Fountain Blue","56b4be","fountain blue"
"Foxy Cyan","005670","foxy cyan"
"Foxy Blue","afcdd7","foxy blue"
"Foxy Gold","bd9b60","foxy gold"
"Frangipani","ffdeb3","frangipani"
"French Gray","bdbdc6","french gray"
"French Lilac","ecc7ee","french lilac"
"French Pass","bdedfd","french pass"
"French Rose","f64a8a","french rose"
"Fresh Air","a6e7ff","fresh air"
"Fresh Eggplant","990066","fresh eggplant"
"Friar Gray","807e79","friar gray"
"Fringy Flower","b1e2c1","fringy flower"
"Froly","f57584","froly"
"Frost","edf5dd","frost"
"Frostbite","e936a7","frostbite"
"Frosted Mint","dbfff8","frosted mint"
"Frostee","e4f6e7","frostee"
"Fruit Salad","4f9d5d","fruit salad"
"Fuchsia Blue","7a58c1","fuchsia blue"
"Fuchsia Pink","c154c1","fuchsia pink"
"Fuchsia","c364c5","fuchsia"
"Fuego","bede0d","fuego"
"Fuel Yellow","eca927","fuel yellow"
"Fun Blue","1959a8","fun blue"
"Fun Green","016d39","fun green"
"Fuscous Gray","54534d","fuscous gray"
"Fuzzy Wuzzy Brown","c45655","fuzzy wuzzy brown"
"Fuzzy Wuzzy","000c66","fuzzy wuzzy"
"Gable Green","163531","gable green"
"Gallery","efefef","gallery"
"Galliano","dcb20c","galliano"
"Gamboge","e49b0f","gamboge"
"Gargoyle Gas","ffdf46","gargoyle gas"
"Geebung","d18f1b","geebung"
"Genoa","15736b","genoa"
"Geraldine","fb8989","geraldine"
"Geyser","d4dfe2","geyser"
"Ghost","c7c9d5","ghost"
"Giants Club","b05c52","giants club"
"Gigas","523c94","gigas"
"Gimblet","b8b56a","gimblet"
"Gin Fizz","fff9e2","gin fizz"
"Gin","e8f2eb","gin"
"Givry","f8e4bf","givry"
"Glacier","80b3c4","glacier"
"Glade Green","61845f","glade green"
"Glossy Grape","ab92b3","glossy grape"
"Go Ben","726d4e","go ben"
"Goblin","3d7d52","goblin"
"Gold Drop","f18200","gold drop"
"Gold Fusion","85754e","gold fusion"
"Gold Sand","e6be8a","gold sand"
"Gold Tips","deba13","gold tips"
"Gold","e7c697","gold"
"Gold","ffd700","gold"
"Golden Bell","e28913","golden bell"
"Golden Dream","f0d52d","golden dream"
"Golden Fizz","f5fb3d","golden fizz"
"Golden Glow","fde295","golden glow"
"Golden Grass","daa520","golden grass"
"Golden Sand","f0db7d","golden sand"
"Golden Tainoi","ffcc5c","golden tainoi"
"Goldenrod","fcd667","goldenrod"
"Goldenrod","fcd975","goldenrod"
"Gondola","261414","gondola"
"Gordons Green","0b1107","gordons green"
"Gorse","fff14f","gorse"
"Gossamer","069b81","gossamer"
"Gossip","d2f8b0","gossip"
"Gothic","6d92a1","gothic"
"Governor Bay","2f3cb3","governor bay"
"Grain Brown","e4d5b7","grain brown"
"Grandis","ffd38c","grandis"
"Granite Gray","676767","granite gray"
"Granite Green","8d8974","granite green"
"Granny Apple","d5f6e3","granny apple"
"Granny Smith Apple","9de093","granny smith apple"
"Granny Smith Apple","a8e4a0","granny smith apple"
"Granny Smith","84a0a0","granny smith"
"Grape","381a51","grape"
"Grape","6f2da8","grape"
"Graphite","251607","graphite"
"Gravel","4a444b","gravel"
"Gray Asparagus","465945","gray asparagus"
"Gray Chateau","a2aab3","gray chateau"
"Gray Nickel","c3c3bd","gray nickel"
"Gray Nurse","e7ece6","gray nurse"
"Gray Olive","a9a491","gray olive"
"Gray Suit","c1becd","gray suit"
"Gray","808080","gray"
"Gray","95918c","gray"
"Green Blue","1164b4","green blue"
"Green Haze","01a368","green haze"
"Green House","24500f","green house"
"Green Kelp","25311c","green kelp"
"Green Leaf","436a0d","green leaf"
"Green Lizard","a7f432","green lizard"
"Green Mist","cbd3b0","green mist"
"Green Pea","1d6142","green pea"
"Green Sheen","6eaea1","green sheen"
"Green Smoke","a4af6e","green smoke"
"Green Spring","b8c1b1","green spring"
"Green Vogue","032b52","green vogue"
"Green Waterloo","101405","green waterloo"
"Green White","e8ebe0","green white"
"Green Yellow","adff2f","green yellow"
"Green Yellow","f0e891","green yellow"
"Green","00ff00","green"
"Green","1cac78","green"
"Grenadier","d54600","grenadier"
"Guardsman Red","ba0101","guardsman red"
"Gulf Blue","051657","gulf blue"
"Gulf Stream","80b3ae","gulf stream"
"Gull Gray","9dacb7","gull gray"
"Gum Leaf","b6d3bf","gum leaf"
"Gumbo","7ca1a6","gumbo"
"Gun Powder","414257","gun powder"
"Gunsmoke","828685","gunsmoke"
"Gurkha","9a9577","gurkha"
"Hacienda","98811b","hacienda"
"Hairy Heath","6b2a14","hairy heath"
"Haiti","1b1035","haiti"
"Half Baked","85c4cc","half baked"
"Half Colonial White","fdf6d3","half colonial white"
"Half Dutch White","fef7de","half dutch white"
"Half Spanish White","fef4db","half spanish white"
"Half and Half","fffee1","half and half"
"Hampton","e5d8af","hampton"
"Harlequin","3fff00","harlequin"
"Harp","e6f2ea","harp"
"Harvest Gold","e0b974","harvest gold"
"Havelock Blue","5590d9","havelock blue"
"Hawaiian Tan","9d5616","hawaiian tan"
"Hawkes Blue","d4e2fc","hawkes blue"
"Heat Wave","ff7a00","heat wave"
"Heath","541012","heath"
"Heather","b7c3d0","heather"
"Heathered Gray","b6b095","heathered gray"
"Heavy Metal","2b3228","heavy metal"
"Heliotrope","df73ff","heliotrope"
"Hemlock","5e5d3b","hemlock"
"Hemp","907874","hemp"
"Hibiscus","b6316c","hibiscus"
"Highland","6f8e63","highland"
"Hillary","aca586","hillary"
"Himalaya","6a5d1b","himalaya"
"Hint of Green","e6ffe9","hint of green"
"Hint of Red","fbf9f9","hint of red"
"Hint of Yellow","fafde4","hint of yellow"
"Hippie Blue","589aaf","hippie blue"
"Hippie Green","53824b","hippie green"
"Hippie Pink","ae4560","hippie pink"
"Hit Gray","a1adb5","hit gray"
"Hit Pink","ffab81","hit pink"
"Hokey Pokey","c8a528","hokey pokey"
"Hoki","65869f","hoki"
"Holly","011d13","holly"
"Hollywood Cerise","f400a1","hollywood cerise"
"Honey Flower","4f1c70","honey flower"
"Honeysuckle","edfc84","honeysuckle"
"Hopbush","d06da1","hopbush"
"Horizon","5a87a0","horizon"
"Horses Neck","604913","horses neck"
"Hot Cinnamon","d2691e","hot cinnamon"
"Hot Magenta","ff1dce","hot magenta"
"Hot Pink","ff69b4","hot pink"
"Hot Toddy","b38007","hot toddy"
"Humming Bird","cff9f3","humming bird"
"Hunter Green","161d10","hunter green"
"Hurricane","877c7b","hurricane"
"Husk","b7a458","husk"
"Ice Cold","b1f4e7","ice cold"
"Iceberg","daf4f0","iceberg"
"Illuminating Emerald","319177","illuminating emerald"
"Illusion","f6a4c9","illusion"
"Inch Worm","b0e313","inch worm"
"Inchworm","b2ec5d","inchworm"
"Indian Khaki","c3b091","indian khaki"
"Indian Tan","4d1e01","indian tan"
"Indigo","4f69c6","indigo"
"Indigo","5d76cb","indigo"
"Indochine","c26b03","indochine"
"International Klein Blue","002fa7","international klein blue"
"International Orange","ff4f00","international orange"
"Irish Coffee","5f3d26","irish coffee"
"Iroko","433120","iroko"
"Iron","d4d7d9","iron"
"Ironside Gray","676662","ironside gray"
"Ironstone","86483c","ironstone"
"Island Spice","fffcee","island spice"
"Ivory","fffff0","ivory"
"Jacaranda","2e0329","jacaranda"
"Jacarta","3a2a6a","jacarta"
"Jacko Bean","2e1905","jacko bean"
"Jacksons Purple","20208d","jacksons purple"
"Jade","00a86b","jade"
"Jade","469a84","jade"
"Jaffa","ef863f","jaffa"
"Jagged Ice","c2e8e5","jagged ice"
"Jagger","350e57","jagger"
"Jaguar","080110","jaguar"
"Jambalaya","5b3013","jambalaya"
"Janna","f4ebd3","janna"
"Japanese Laurel","0a6906","japanese laurel"
"Japanese Maple","780109","japanese maple"
"Japonica","d87c63","japonica"
"Jasper","d05340","jasper"
"Java","1fc2c2","java"
"Jazzberry Jam","a50b5e","jazzberry jam"
"Jazzberry Jam","ca3767","jazzberry jam"
"Jelly Bean","297b9a","jelly bean"
"Jelly Bean","da614e","jelly bean"
"Jet Stream","b5d2ce","jet stream"
"Jewel","126b40","jewel"
"Jon","3b1f1f","jon"
"Jonquil","eeff9a","jonquil"
"Jordy Blue","8ab9f1","jordy blue"
"Judge Gray","544333","judge gray"
"Jumbo","7c7b82","jumbo"
"Jungle Green","29ab87","jungle green"
"Jungle Green","3bb08f","jungle green"
"Jungle Mist","b4cfd3","jungle mist"
"Juniper","6d9292","juniper"
"Just Right","eccdb9","just right"
"Kabul","5e483e","kabul"
"Kaitoke Green","004620","kaitoke green"
"Kangaroo","c6c8bd","kangaroo"
"Karaka","1e1609","karaka"
"Karry","ffead4","karry"
"Kashmir Blue","507096","kashmir blue"
"Kelp","454936","kelp"
"Kenyan Copper","7c1c05","kenyan copper"
"Keppel","3ab09e","keppel"
"Key Lime Pearl","e8f48c","key lime pearl"
"Key Lime Pie","bfc921","key lime pie"
"Khaki","f0e68c","khaki"
"Kidnapper","e1ead4","kidnapper"
"Kilamanjaro","240c02","kilamanjaro"
"Killarney","3a6a47","killarney"
"Kimberly","736c9f","kimberly"
"Kingfisher Daisy","3e0480","kingfisher daisy"
"Kobi","e79fc4","kobi"
"Kokoda","6e6d57","kokoda"
"Korma","8f4b0e","korma"
"Koromiko","ffbd5f","koromiko"
"Kournikova","ffe772","kournikova"
"Kumera","886221","kumera"
"La Palma","368716","la palma"
"La Rioja","b3c110","la rioja"
"Lapis Lazuli","436cb9","lapis lazuli"
"Las Palmas","c6e610","las palmas"
"Laser Lemon","fefe22","laser lemon"
"Laser Lemon","ffff66","laser lemon"
"Laser","c8b568","laser"
"Laurel","749378","laurel"
"Lavender Gray","bdbbd7","lavender gray"
"Lavender Magenta","ee82ee","lavender magenta"
"Lavender Pink","fbaed2","lavender pink"
"Lavender Purple","967bb6","lavender purple"
"Lavender Rose","fba0e3","lavender rose"
"Lavender blush","fff0f5","lavender blush"
"Lavender","b57edc","lavender"
"Lavender","fcb4d5","lavender"
"Leather Jacket","253529","leather jacket"
"Leather","967059","leather"
"Lemon Chiffon","fffacd","lemon chiffon"
"Lemon Ginger","ac9e22","lemon ginger"
"Lemon Glacier","fdff00","lemon glacier"
"Lemon Grass","9b9e8f","lemon grass"
"Lemon Yellow","fff44f","lemon yellow"
"Lemon","fde910","lemon"
"Lemon","ffff38","lemon"
"Licorice","1a1110","licorice"
"Light Apricot","fdd5b1","light apricot"
"Light Orchid","e29cd2","light orchid"
"Light Wisteria","c9a0dc","light wisteria"
"Lightning Yellow","fcc01e","lightning yellow"
"Lilac Bush","9874d3","lilac bush"
"Lilac Luster","ae98aa","lilac luster"
"Lilac","c8a2c8","lilac"
"Lilac","db91ef","lilac"
"Lily White","e7f8ff","lily white"
"Lily","c8aabf","lily"
"Lima","76bd17","lima"
"Lime","b2f302","lime"
"Lime","bfff00","lime"
"Limeade","6f9d02","limeade"
"Limed Ash","747d63","limed ash"
"Limed Oak","ac8a56","limed oak"
"Limed Spruce","394851","limed spruce"
"Linen","faf0e6","linen"
"Link Water","d9e4f5","link water"
"Lipstick","ab0563","lipstick"
"Lisbon Brown","423921","lisbon brown"
"Livid Brown","4d282e","livid brown"
"Loafer","eef4de","loafer"
"Loblolly","bdc9ce","loblolly"
"Lochinvar","2c8c84","lochinvar"
"Lochmara","007ec7","lochmara"
"Locust","a8af8e","locust"
"Log Cabin","242a1d","log cabin"
"Logan","aaa9cd","logan"
"Lola","dfcfdb","lola"
"London Hue","bea6c3","london hue"
"Lonestar","6d0101","lonestar"
"Lotus","863c3c","lotus"
"Loulou","460b41","loulou"
"Lucky Point","1a1a68","lucky point"
"Lucky","af9f1c","lucky"
"Lumber","ffe4cd","lumber"
"Lunar Green","3c493a","lunar green"
"Luxor Gold","a7882c","luxor gold"
"Lynch","697e9a","lynch"
"Mabel","d9f7ff","mabel"
"Macaroni Cheese","ffbd88","macaroni cheese"
"Macaroni and Cheese","ffb97b","macaroni and cheese"
"Madang","b7f0be","madang"
"Madison","09255d","madison"
"Madras","3f3002","madras"
"Magenta / Fuchsia","ff00ff","magenta fuchsia"
"Magenta","f664af","magenta"
"Magic Mint","aaf0d1","magic mint"
"Magic Potion","000f46","magic potion"
"Magnolia","f8f4ff","magnolia"
"Mahogany","4e0606","mahogany"
"Mahogany","cd4a4c","mahogany"
"Mai Tai","b06608","mai tai"
"Maize","edd19c","maize"
"Maize","f5d5a0","maize"
"Makara","897d6d","makara"
"Mako","444954","mako"
"Malachite","0bda51","malachite"
"Malachite","469496","malachite"
"Malibu","7dc8f7","malibu"
"Mallard","233418","mallard"
"Malta","bdb2a1","malta"
"Mamba","8e8190","mamba"
"Manatee","8d90a1","manatee"
"Manatee","979aaa","manatee"
"Mandalay","ad781b","mandalay"
"Mandarin Pearl","f37a48","mandarin pearl"
"Mandy","e25465","mandy"
"Mandys Pink","f2c3b2","mandys pink"
"Mango Tango","e77200","mango tango"
"Mango Tango","ff8243","mango tango"
"Manhattan","f5c999","manhattan"
"Mantis","74c365","mantis"
"Mantle","8b9c90","mantle"
"Manz","eeef78","manz"
"Mardi Gras","350036","mardi gras"
"Marigold Yellow","fbe870","marigold yellow"
"Marigold","b98d28","marigold"
"Mariner","286acd","mariner"
"Maroon Flush","c32148","maroon flush"
"Maroon Oak","520c17","maroon oak"
"Maroon","800000","maroon"
"Maroon","c8385a","maroon"
"Marshland","0b0f08","marshland"
"Martini","afa09e","martini"
"Martinique","363050","martinique"
"Marzipan","f8db9d","marzipan"
"Masala","403b38","masala"
"Matisse","1b659d","matisse"
"Matrix","b05d54","matrix"
"Matterhorn","4e3b41","matterhorn"
"Mauve","e0b0ff","mauve"
"Mauvelous","ef98aa","mauvelous"
"Mauvelous","f091a9","mauvelous"
"Maverick","d8c2d5","maverick"
"Medium Carmine","af4035","medium carmine"
"Medium Purple","9370db","medium purple"
"Medium Red Violet","bb3385","medium red violet"
"Melanie","e4c2d5","melanie"
"Melanzane","300529","melanzane"
"Melon","fdbcb4","melon"
"Melon","febaad","melon"
"Melrose","c7c1ff","melrose"
"Mercury","e5e5e5","mercury"
"Merino","f6f0e6","merino"
"Merlin","413c37","merlin"
"Merlot","831923","merlot"
"Metallic Bronze","49371b","metallic bronze"
"Metallic Copper","71291d","metallic copper"
"Metallic Seaweed","0a7e8c","metallic seaweed"
"Metallic Sunburst","9c7c38","metallic sunburst"
"Meteor","d07d12","meteor"
"Meteorite","3c1f76","meteorite"
"Mexican Red","a72525","mexican red"
"Mid Gray","5f5f6e","mid gray"
"Midnight Blue","003366","midnight blue"
"Midnight Blue","1a4876","midnight blue"
"Midnight Moss","041004","midnight moss"
"Midnight Pearl","702670","midnight pearl"
"Midnight","011635","midnight"
"Mikado","2d2510","mikado"
"Milan","faffa4","milan"
"Milano Red","b81104","milano red"
"Milk Punch","fff6d4","milk punch"
"Millbrook","594433","millbrook"
"Mimosa","f8fdd3","mimosa"
"Mindaro","e3f988","mindaro"
"Mine Shaft","323232","mine shaft"
"Mineral Green","3f5d53","mineral green"
"Ming","36747d","ming"
"Minsk","3f307f","minsk"
"Mint Green","98ff98","mint green"
"Mint Julep","f1eec1","mint julep"
"Mint Tulip","c4f4eb","mint tulip"
"Mirage","161928","mirage"
"Mischka","d1d2dd","mischka"
"Mist Gray","c4c4bc","mist gray"
"Misty Moss","bbb477","misty moss"
"Mobster","7f7589","mobster"
"Moccaccino","6e1d14","moccaccino"
"Mocha","782d19","mocha"
"Mojo","c04737","mojo"
"Mona Lisa","ffa194","mona lisa"
"Monarch","8b0723","monarch"
"Mondo","4a3c30","mondo"
"Mongoose","b5a27f","mongoose"
"Monsoon","8a8389","monsoon"
"Monte Carlo","83d0c6","monte carlo"
"Monza","c7031e","monza"
"Moody Blue","7f76d3","moody blue"
"Moon Glow","fcfeda","moon glow"
"Moon Mist","dcddcc","moon mist"
"Moon Raker","d6cef6","moon raker"
"Moonstone","3aa8c1","moonstone"
"Morning Glory","9edee0","morning glory"
"Morocco Brown","441d00","morocco brown"
"Mortar","504351","mortar"
"Mosque","036a6e","mosque"
"Moss Green","addfad","moss green"
"Mountain Meadow","1ab385","mountain meadow"
"Mountain Meadow","30ba8f","mountain meadow"
"Mountain Mist","959396","mountain mist"
"Mountbatten Pink","997a8d","mountbatten pink"
"Muddy Waters","b78e5c","muddy waters"
"Muesli","aa8b5b","muesli"
"Mulberry Wood","5c0536","mulberry wood"
"Mulberry","c54b8c","mulberry"
"Mule Fawn","8c472f","mule fawn"
"Mulled Wine","4e4562","mulled wine"
"Mummys Tomb","828e84","mummys tomb"
"Mustard","ffdb58","mustard"
"My Pink","d69188","my pink"
"My Sin","ffb31f","my sin"
"Mystic Maroon","ad4379","mystic maroon"
"Mystic Pearl","d65282","mystic pearl"
"Mystic","e2ebed","mystic"
"Nandor","4b5d52","nandor"
"Napa","aca494","napa"
"Narvik","edf9f1","narvik"
"Natural Gray","8b8680","natural gray"
"Navajo White","ffdead","navajo white"
"Navy Blue","000080","navy blue"
"Navy Blue","1974d2","navy blue"
"Nebula","cbdbd6","nebula"
"Negroni","ffe2c5","negroni"
"Neon Carrot","ff9933","neon carrot"
"Neon Carrot","ffa343","neon carrot"
"Nepal","8eabc1","nepal"
"Neptune","7cb7bb","neptune"
"Nero","140600","nero"
"Nevada","646e75","nevada"
"New Car","214fc6","new car"
"New Orleans","f3d69d","new orleans"
"New York Pink","d7837f","new york pink"
"Niagara","06a189","niagara"
"Night Rider","1f120f","night rider"
"Night Shadz","aa375a","night shadz"
"Nile Blue","193751","nile blue"
"Nobel","b7b1b1","nobel"
"Nomad","bab1a2","nomad"
"Norway","a8bd9f","norway"
"Nugget","c59922","nugget"
"Nutmeg Wood Finish","683600","nutmeg wood finish"
"Nutmeg","81422c","nutmeg"
"Oasis","feefce","oasis"
"Observatory","02866f","observatory"
"Ocean Blue Pearl","4f42b5","ocean blue pearl"
"Ocean Green Pearl","48bf91","ocean green pearl"
"Ocean Green","41aa78","ocean green"
"Ochre","cc7722","ochre"
"Off Green","e6f8f3","off green"
"Off Yellow","fef9e3","off yellow"
"Ogre Odor","fd5240","ogre odor"
"Oil","281e15","oil"
"Old Brick","901e1e","old brick"
"Old Copper","724a2f","old copper"
"Old Gold","cfb53b","old gold"
"Old Lace","fdf5e6","old lace"
"Old Lavender","796878","old lavender"
"Old Rose","c08081","old rose"
"Olive Drab","6b8e23","olive drab"
"Olive Green","b5b35c","olive green"
"Olive Green","bab86c","olive green"
"Olive Haze","8b8470","olive haze"
"Olive","808000","olive"
"Olivetone","716e10","olivetone"
"Olivine","9ab973","olivine"
"Onahau","cdf4ff","onahau"
"Onion","2f270e","onion"
"Onyx","353839","onyx"
"Opal","a9c6c2","opal"
"Opium","8e6f70","opium"
"Oracle","377475","oracle"
"Orange Peel","ffa000","orange peel"
"Orange Red","ff2b2b","orange red"
"Orange Roughy","c45719","orange roughy"
"Orange Soda","fa5b3d","orange soda"
"Orange White","fefced","orange white"
"Orange Yellow","f8d568","orange yellow"
"Orange","ff681f","orange"
"Orange","ff7538","orange"
"Orchid Pearl","7b4259","orchid pearl"
"Orchid White","fffdf3","orchid white"
"Orchid","da70d6","orchid"
"Orchid","e6a8d7","orchid"
"Oregon","9b4703","oregon"
"Orient","015e85","orient"
"Oriental Pink","c69191","oriental pink"
"Orinoco","f3fbd4","orinoco"
"Oslo Gray","878d91","oslo gray"
"Ottoman","e9f8ed","ottoman"
"Outer Space","2d383a","outer space"
"Outer Space","414a4c","outer space"
"Outrageous Orange","ff6037","outrageous orange"
"Outrageous Orange","ff6e4a","outrageous orange"
"Oxford Blue","384555","oxford blue"
"Oxley","779e86","oxley"
"Oyster Bay","dafaff","oyster bay"
"Oyster Pink","e9cecd","oyster pink"
"Paarl","a65529","paarl"
"Pablo","776f61","pablo"
"Pacific Blue","009dc4","pacific blue"
"Pacific Blue","1ca9c9","pacific blue"
"Pacifika","778120","pacifika"
"Paco","411f10","paco"
"Padua","ade6c4","padua"
"Pale Canary","ffff99","pale canary"
"Pale Leaf","c0d3b9","pale leaf"
"Pale Oyster","988d77","pale oyster"
"Pale Prim","fdfeb8","pale prim"
"Pale Rose","ffe1f2","pale rose"
"Pale Sky","6e7783","pale sky"
"Pale Slate","c3bfc1","pale slate"
"Palm Green","09230f","palm green"
"Palm Leaf","19330e","palm leaf"
"Pampas","f4f2ee","pampas"
"Panache","eaf6ee","panache"
"Pancho","edcdab","pancho"
"Papaya Whip","ffefd5","papaya whip"
"Paprika","8d0226","paprika"
"Paradiso","317d82","paradiso"
"Parchment","f1e9d2","parchment"
"Paris Daisy","fff46e","paris daisy"
"Paris M","26056a","paris m"
"Paris White","cadcd4","paris white"
"Parsley","134f19","parsley"
"Pastel Green","77dd77","pastel green"
"Pastel Pink","ffd1dc","pastel pink"
"Patina","639a8f","patina"
"Pattens Blue","def5ff","pattens blue"
"Paua","260368","paua"
"Pavlova","d7c498","pavlova"
"Peach Cream","fff0db","peach cream"
"Peach Orange","ffcc99","peach orange"
"Peach Schnapps","ffdcd6","peach schnapps"
"Peach Yellow","fadfad","peach yellow"
"Peach","ffcfab","peach"
"Peach","ffe5b4","peach"
"Peanut","782f16","peanut"
"Pear","d1e231","pear"
"Pearl Bush","e8e0d5","pearl bush"
"Pearl Lusta","fcf4dc","pearl lusta"
"Pearly Purple","b768a2","pearly purple"
"Peat","716b56","peat"
"Pelorous","3eabbf","pelorous"
"Peppermint","e3f5e1","peppermint"
"Perano","a9bef2","perano"
"Perfume","d0bef8","perfume"
"Peridot","abad48","peridot"
"Periglacial Blue","e1e6d6","periglacial blue"
"Periwinkle Gray","c3cde6","periwinkle gray"
"Periwinkle","c5d0e6","periwinkle"
"Periwinkle","ccccff","periwinkle"
"Persian Blue","1c39bb","persian blue"
"Persian Green","00a693","persian green"
"Persian Indigo","32127a","persian indigo"
"Persian Pink","f77fbe","persian pink"
"Persian Plum","701c1c","persian plum"
"Persian Red","cc3333","persian red"
"Persian Rose","fe28a2","persian rose"
"Persimmon","ff6b53","persimmon"
"Peru Tan","7f3a02","peru tan"
"Pesto","7c7631","pesto"
"Petite Orchid","db9690","petite orchid"
"Pewter Blue","8ba8b7","pewter blue"
"Pewter","96a8a1","pewter"
"Pharlap","a3807b","pharlap"
"Picasso","fff39d","picasso"
"Pickled Bean","6e4826","pickled bean"
"Pickled Bluewood","314459","pickled bluewood"
"Picton Blue","45b1e8","picton blue"
"Pig Pink","fdd7e4","pig pink"
"Pigeon Post","afbdd9","pigeon post"
"Piggy Pink","fddde6","piggy pink"
"Pigment Indigo","4b0082","pigment indigo"
"Pine Cone","6d5e54","pine cone"
"Pine Glade","c7cd90","pine glade"
"Pine Green","01796f","pine green"
"Pine Green","158078","pine green"
"Pine Tree","171f04","pine tree"
"Pine","45a27d","pine"
"Pink Flamingo","fc74fd","pink flamingo"
"Pink Flamingo","ff66ff","pink flamingo"
"Pink Flare","e1c0c8","pink flare"
"Pink Lace","ffddf4","pink lace"
"Pink Lady","fff1d8","pink lady"
"Pink Pearl","b07080","pink pearl"
"Pink Salmon","ff91a4","pink salmon"
"Pink Sherbert","f78fa7","pink sherbert"
"Pink Swan","beb5b7","pink swan"
"Pink","ffc0cb","pink"
"Piper","c96323","piper"
"Pipi","fef4cc","pipi"
"Pippin","ffe1df","pippin"
"Pirate Gold","ba7f03","pirate gold"
"Pistachio","9dc209","pistachio"
"Pixie Green","c0d8b6","pixie green"
"Pixie Powder","391285","pixie powder"
"Pizazz","ff9000","pizazz"
"Pizza","c99415","pizza"
"Plantation","27504b","plantation"
"Plum","843179","plum"
"Plum","8e4585","plum"
"Plump Purple","5946b2","plump purple"
"Pohutukawa","8f021c","pohutukawa"
"Polar","e5f9f6","polar"
"Polished Pine","5da493","polished pine"
"Polo Blue","8da8cc","polo blue"
"Pomegranate","f34723","pomegranate"
"Pompadour","660045","pompadour"
"Porcelain","eff2f3","porcelain"
"Porsche","eaae69","porsche"
"Port Gore","251f4f","port gore"
"Portafino","ffffb4","portafino"
"Portage","8b9fee","portage"
"Portica","f9e663","portica"
"Pot Pourri","f5e7e2","pot pourri"
"Potters Clay","8c5738","potters clay"
"Powder Ash","bcc9c2","powder ash"
"Powder Blue","b0e0e6","powder blue"
"Prairie Sand","9a3820","prairie sand"
"Prelude","d0c0e5","prelude"
"Prim","f0e2ec","prim"
"Primrose","edea99","primrose"
"Princess Perfume","ff85cf","princess perfume"
"Provincial Pink","fef5f1","provincial pink"
"Prussian Blue","003153","prussian blue"
"Puce","cc8899","puce"
"Pueblo","7d2c14","pueblo"
"Puerto Rico","3fc1aa","puerto rico"
"Pumice","c2cac4","pumice"
"Pumpkin Skin","b1610b","pumpkin skin"
"Pumpkin","ff7518","pumpkin"
"Punch","dc4333","punch"
"Punga","4d3d14","punga"
"Purple Heart","652dc1","purple heart"
"Purple Heart","7442c8","purple heart"
"Purple Mountain's Majesty","9678b6","purple mountain's majesty"
"Purple Mountains Majesty","9d81ba","purple mountains majesty"
"Purple Pizzazz","fe4eda","purple pizzazz"
"Purple Pizzazz","ff00cc","purple pizzazz"
"Purple Plum","9c51b6","purple plum"
"Purple","660099","purple"
"Putty","e7cd8c","putty"
"Quarter Pearl Lusta","fffdf4","quarter pearl lusta"
"Quarter Spanish White","f7f2e1","quarter spanish white"
"Quick Silver","a6a6a6","quick silver"
"Quicksand","bd978e","quicksand"
"Quill Gray","d6d6d1","quill gray"
"Quincy","623f2d","quincy"
"Racing Green","0c1911","racing green"
"Radical Red","ff355e","radical red"
"Radical Red","ff496c","radical red"
"Raffia","eadab8","raffia"
"Rainee","b9c8ac","rainee"
"Rajah","f7b668","rajah"
"Rangitoto","2e3222","rangitoto"
"Rangoon Green","1c1e13","rangoon green"
"Raven","727b89","raven"
"Raw Sienna","d27d46","raw sienna"
"Raw Sienna","d68a59","raw sienna"
"Raw Umber","714b23","raw umber"
"Raw Umber","734a12","raw umber"
"Razzle Dazzle Rose","ff33cc","razzle dazzle rose"
"Razzle Dazzle Rose","ff48d0","razzle dazzle rose"
"Razzmatazz","e30b5c","razzmatazz"
"Razzmatazz","e3256b","razzmatazz"
"Razzmic Berry","8d4e85","razzmic berry"
"Rebel","3c1206","rebel"
"Red Beech","7b3801","red beech"
"Red Berry","8e0000","red berry"
"Red Damask","da6a41","red damask"
"Red Devil","860111","red devil"
"Red Orange","ff3f34","red orange"
"Red Orange","ff5349","red orange"
"Red Oxide","6e0902","red oxide"
"Red Ribbon","ed0a3f","red ribbon"
"Red Robin","80341f","red robin"
"Red Salsa","fd3a4a","red salsa"
"Red Stage","d05f04","red stage"
"Red Violet","c0448f","red violet"
"Red Violet","c71585","red violet"
"Red","ee204d","red"
"Red","ff0000","red"
"Redwood","5d1e0f","redwood"
"Reef Gold","9f821c","reef gold"
"Reef","c9ffa2","reef"
"Regal Blue","013f6a","regal blue"
"Regent Gray","86949f","regent gray"
"Regent St Blue","aad6e6","regent st blue"
"Remy","feebf3","remy"
"Reno Sand","a86515","reno sand"
"Resolution Blue","002387","resolution blue"
"Revolver","2c1632","revolver"
"Rhino","2e3f62","rhino"
"Rice Cake","fffef0","rice cake"
"Rice Flower","eeffe2","rice flower"
"Rich Gold","a85307","rich gold"
"Rio Grande","bbd009","rio grande"
"Ripe Lemon","f4d81c","ripe lemon"
"Ripe Plum","410056","ripe plum"
"Riptide","8be6d8","riptide"
"River Bed","434c59","river bed"
"Rob Roy","eac674","rob roy"
"Robin's Egg Blue","00cccc","robin's egg blue"
"Robins Egg Blue","1fcecb","robins egg blue"
"Rock Blue","9eb1cd","rock blue"
"Rock Spray","ba450c","rock spray"
"Rock","4d3833","rock"
"Rodeo Dust","c9b29b","rodeo dust"
"Rolling Stone","747d83","rolling stone"
"Roman Coffee","795d4c","roman coffee"
"Roman","de6360","roman"
"Romance","fffefd","romance"
"Romantic","ffd2b7","romantic"
"Ronchi","ecc54e","ronchi"
"Roof Terracotta","a62f20","roof terracotta"
"Rope","8e4d1e","rope"
"Rose Bud Cherry","800b47","rose bud cherry"
"Rose Bud","fbb2a3","rose bud"
"Rose Dust","9e5e6f","rose dust"
"Rose Fog","e7bcb4","rose fog"
"Rose Pearl","f03865","rose pearl"
"Rose Quartz","bd559c","rose quartz"
"Rose White","fff6f5","rose white"
"Rose of Sharon","bf5500","rose of sharon"
"Rose","ff007f","rose"
"Rose","ff5050","rose"
"Rosewood","65000b","rosewood"
"Roti","c6a84b","roti"
"Rouge","a23b6c","rouge"
"Royal Blue","4169e1","royal blue"
"Royal Heath","ab3472","royal heath"
"Royal Purple","6b3fa0","royal purple"
"Royal Purple","7851a9","royal purple"
"Ruby","aa4069","ruby"
"Rum Swizzle","f9f8e4","rum swizzle"
"Rum","796989","rum"
"Russet","80461b","russet"
"Russett","755a57","russett"
"Rust","b7410e","rust"
"Rustic Red","480404","rustic red"
"Rusty Nail","86560a","rusty nail"
"Rusty Red","da2c43","rusty red"
"Saddle Brown","583401","saddle brown"
"Saddle","4c3024","saddle"
"Saffron Mango","f9bf58","saffron mango"
"Saffron","f4c430","saffron"
"Sage","9ea587","sage"
"Sahara Sand","f1e788","sahara sand"
"Sahara","b7a214","sahara"
"Sail","b8e0f9","sail"
"Salem","097f4b","salem"
"Salmon Pearl","f1444a","salmon pearl"
"Salmon","ff8c69","salmon"
"Salmon","ff9baa","salmon"
"Salomie","fedb8d","salomie"
"Salt Box","685e6e","salt box"
"Saltpan","f1f7f2","saltpan"
"Sambuca","3a2010","sambuca"
"San Felix","0b6207","san felix"
"San Juan","304b6a","san juan"
"San Marino","456cac","san marino"
"Sand Dune","826f65","sand dune"
"Sandal","aa8d6f","sandal"
"Sandrift","ab917a","sandrift"
"Sandstone","796d62","sandstone"
"Sandwisp","f5e7a2","sandwisp"
"Sandy Beach","ffeac8","sandy beach"
"Sandy brown","f4a460","sandy brown"
"Sangria","92000a","sangria"
"Sanguine Brown","8d3d38","sanguine brown"
"Santa Fe","b16d52","santa fe"
"Santas Gray","9fa0b1","santas gray"
"Sapling","ded4a4","sapling"
"Sapphire","2d5da1","sapphire"
"Sapphire","2f519e","sapphire"
"Saratoga","555b10","saratoga"
"Sasquatch Socks","ff4681","sasquatch socks"
"Satin Linen","e6e4d4","satin linen"
"Sauvignon","fff5f3","sauvignon"
"Sazerac","fff4e0","sazerac"
"Scampi","675fa6","scampi"
"Scandal","cffaf4","scandal"
"Scarlet Gum","431560","scarlet gum"
"Scarlet","fc2847","scarlet"
"Scarlet","ff2400","scarlet"
"Scarlett","950015","scarlett"
"Scarpa Flow","585562","scarpa flow"
"Schist","a9b497","schist"
"School bus Yellow","ffd800","school bus yellow"
"Schooner","8b847e","schooner"
"Science Blue","0066cc","science blue"
"Scooter","2ebfd4","scooter"
"Scorpion","695f62","scorpion"
"Scotch Mist","fffbdc","scotch mist"
"Screamin Green","76ff7a","screamin green"
"Screamin' Green","66ff66","screamingreen"
"Sea Buckthorn","fba129","sea buckthorn"
"Sea Green","2e8b57","sea green"
"Sea Green","9fe2bf","sea green"
"Sea Mist","c5dbca","sea mist"
"Sea Nymph","78a39c","sea nymph"
"Sea Pink","ed989e","sea pink"
"Sea Serpent","4bc7cf","sea serpent"
"Seagull","80ccea","seagull"
"Seance","731e8f","seance"
"Seashell Peach","fff5ee","seashell peach"
"Seashell","f1f1f1","seashell"
"Seaweed","1b2f11","seaweed"
"Selago","f0eefd","selago"
"Selective Yellow","ffba00","selective yellow"
"Sepia Black","2b0202","sepia black"
"Sepia Skin","9e5b40","sepia skin"
"Sepia","704214","sepia"
"Sepia","a5694f","sepia"
"Serenade","fff4e8","serenade"
"Shadow Blue","778ba5","shadow blue"
"Shadow Green","9ac2b8","shadow green"
"Shadow","837050","shadow"
"Shadow","8a795d","shadow"
"Shady Lady","aaa5a9","shady lady"
"Shakespeare","4eabd1","shakespeare"
"Shalimar","fbffba","shalimar"
"Shampoo","ffcff1","shampoo"
"Shamrock","33cc99","shamrock"
"Shamrock","45cea2","shamrock"
"Shark","25272c","shark"
"Sheen Green","8fd400","sheen green"
"Sherpa Blue","004950","sherpa blue"
"Sherwood Green","02402c","sherwood green"
"Shilo","e8b9b3","shilo"
"Shimmering Blush","d98695","shimmering blush"
"Shingle Fawn","6b4e31","shingle fawn"
"Shiny Shamrock","5fa778","shiny shamrock"
"Ship Cove","788bba","ship cove"
"Ship Gray","3e3a44","ship gray"
"Shiraz","b20931","shiraz"
"Shocking Pink","fb7efd","shocking pink"
"Shocking Pink","fc0fc0","shocking pink"
"Shocking","e292c0","shocking"
"Shuttle Gray","5f6672","shuttle gray"
"Siam","646a54","siam"
"Sidecar","f3e7bb","sidecar"
"Silk","bdb1a8","silk"
"Silver Chalice","acacac","silver chalice"
"Silver Rust","c9c0bb","silver rust"
"Silver Sand","bfc1c2","silver sand"
"Silver Tree","66b58f","silver tree"
"Silver","c0c0c0","silver"
"Silver","cdc5c2","silver"
"Sinbad","9fd7d3","sinbad"
"Siren","7a013a","siren"
"Sirocco","718080","sirocco"
"Sisal","d3cbba","sisal"
"Sizzling Red","ff3855","sizzling red"
"Sizzling Sunrise","ffdb00","sizzling sunrise"
"Skeptic","cae6da","skeptic"
"Sky Blue","76d7ea","sky blue"
"Sky Blue","80daeb","sky blue"
"Slate Gray","708090","slate gray"
"Slimy Green","299617","slimy green"
"Smalt Blue","51808f","smalt blue"
"Smalt","003399","smalt"
"Smashed Pumpkin","ff6d3a","smashed pumpkin"
"Smoke","738276","smoke"
"Smokey Topaz","832a0d","smokey topaz"
"Smoky","605b73","smoky"
"Snow Drift","f7faf7","snow drift"
"Snow Flurry","e4ffd1","snow flurry"
"Snowy Mint","d6ffdb","snowy mint"
"Snuff","e2d8ed","snuff"
"Soap","cec8ef","soap"
"Soapstone","fffbf9","soapstone"
"Soft Amber","d1c6b4","soft amber"
"Soft Peach","f5edef","soft peach"
"Solid Pink","893843","solid pink"
"Solitaire","fef8e2","solitaire"
"Solitude","eaf6ff","solitude"
"Sonic Silver","757575","sonic silver"
"Sorbus","fd7c07","sorbus"
"Sorrell Brown","ceb98f","sorrell brown"
"Soya Bean","6a6051","soya bean"
"Spanish Green","819885","spanish green"
"Spectra","2f5a57","spectra"
"Spice","6a442e","spice"
"Spicy Mix","885342","spicy mix"
"Spicy Mustard","74640d","spicy mustard"
"Spicy Pink","816e71","spicy pink"
"Spindle","b6d1ea","spindle"
"Spray","79deec","spray"
"Spring Frost","87ff2a","spring frost"
"Spring Green","00ff7f","spring green"
"Spring Green","eceabe","spring green"
"Spring Leaves","578363","spring leaves"
"Spring Rain","accbb1","spring rain"
"Spring Sun","f6ffdc","spring sun"
"Spring Wood","f8f6f1","spring wood"
"Sprout","c1d7b0","sprout"
"Spun Pearl","aaabb7","spun pearl"
"Squirrel","8f8176","squirrel"
"St Tropaz","2d569b","st tropaz"
"Stack","8a8f8a","stack"
"Star Dust","9f9f9c","star dust"
"Stark White","e5d7bd","stark white"
"Starship","ecf245","starship"
"Steel Blue","0081ab","steel blue"
"Steel Blue","4682b4","steel blue"
"Steel Gray","262335","steel gray"
"Steel Teal","5f8a8b","steel teal"
"Stiletto","9c3336","stiletto"
"Stonewall","928573","stonewall"
"Storm Dust","646463","storm dust"
"Storm Gray","717486","storm gray"
"Stratos","000741","stratos"
"Straw","d4bf8d","straw"
"Strawberry","fc5a8d","strawberry"
"Strikemaster","956387","strikemaster"
"Stromboli","325d52","stromboli"
"Studio","714ab2","studio"
"Submarine","bac7c9","submarine"
"Sugar Cane","f9fff6","sugar cane"
"Sugar Plum","914e75","sugar plum"
"Sulu","c1f07c","sulu"
"Summer Green","96bbab","summer green"
"Sun","fbac13","sun"
"Sunburnt Cyclops","ff404c","sunburnt cyclops"
"Sundance","c9b35b","sundance"
"Sundown","ffb1b3","sundown"
"Sunflower","e4d422","sunflower"
"Sunglo","e16865","sunglo"
"Sunglow","ffcc33","sunglow"
"Sunglow","ffcf48","sunglow"
"Sunny Pearl","f2f27a","sunny pearl"
"Sunset Orange","fd5e53","sunset orange"
"Sunset Orange","fe4c40","sunset orange"
"Sunset Pearl","f1cc79","sunset pearl"
"Sunshade","ff9e2c","sunshade"
"Supernova","ffc901","supernova"
"Surf Crest","cfe5d2","surf crest"
"Surf","bbd7c1","surf"
"Surfie Green","0c7a79","surfie green"
"Sushi","87ab39","sushi"
"Suva Gray","888387","suva gray"
"Swamp Green","acb78e","swamp green"
"Swamp","001b1c","swamp"
"Swans Down","dcf0ea","swans down"
"Sweet Brown","a83731","sweet brown"
"Sweet Corn","fbea8c","sweet corn"
"Sweet Pink","fd9fa2","sweet pink"
"Swirl","d3cdc5","swirl"
"Swiss Coffee","ddd6d5","swiss coffee"
"Sycamore","908d39","sycamore"
"Tabasco","a02712","tabasco"
"Tacao","edb381","tacao"
"Tacha","d6c562","tacha"
"Tahiti Gold","e97c07","tahiti gold"
"Tahuna Sands","eef0c8","tahuna sands"
"Tall Poppy","b32d29","tall poppy"
"Tallow","a8a589","tallow"
"Tamarillo","991613","tamarillo"
"Tamarind","341515","tamarind"
"Tan Hide","fa9d5a","tan hide"
"Tan","d2b48c","tan"
"Tan","faa76c","tan"
"Tana","d9dcc1","tana"
"Tangaroa","03163c","tangaroa"
"Tangerine","f28500","tangerine"
"Tango","ed7a1c","tango"
"Tapa","7b7874","tapa"
"Tapestry","b05e81","tapestry"
"Tara","e1f6e8","tara"
"Tarawera","073a50","tarawera"
"Tart Orange","fb4d46","tart orange"
"Tasman","cfdccf","tasman"
"Taupe Gray","b3af95","taupe gray"
"Taupe","483c32","taupe"
"Tawny Port","692545","tawny port"
"Te Papa Green","1e433c","te papa green"
"Tea Green","d0f0c0","tea green"
"Tea","c1bab0","tea"
"Teak","b19461","teak"
"Teal Blue","044259","teal blue"
"Teal Blue","18a7b5","teal blue"
"Teal","008080","teal"
"Temptress","3b000b","temptress"
"Tenn","cd5700","tenn"
"Tequila","ffe6c7","tequila"
"Terracotta","e2725b","terracotta"
"Texas Rose","ffb555","texas rose"
"Texas","f8f99c","texas"
"Thatch Green","403d19","thatch green"
"Thatch","b69d98","thatch"
"Thistle Green","cccaa8","thistle green"
"Thistle","d8bfd8","thistle"
"Thistle","ebc7df","thistle"
"Thunder","33292f","thunder"
"Thunderbird","c02b18","thunderbird"
"Tia Maria","c1440e","tia maria"
"Tiara","c3d1d1","tiara"
"Tiber","063537","tiber"
"Tickle Me Pink","fc80a5","tickle me pink"
"Tickle Me Pink","fc89ac","tickle me pink"
"Tidal","f1ffad","tidal"
"Tide","bfb8b0","tide"
"Tigers Eye","b56917","tigers eye"
"Timber Green","16322c","timber green"
"Timberwolf","d9d6cf","timberwolf"
"Timberwolf","dbd7d2","timberwolf"
"Titan White","f0eeff","titan white"
"Toast","9a6e61","toast"
"Tobacco Brown","715d47","tobacco brown"
"Toledo","3a0020","toledo"
"Tolopea","1b0245","tolopea"
"Tom Thumb","3f583b","tom thumb"
"Tonys Pink","e79f8c","tonys pink"
"Topaz","7c778a","topaz"
"Torch Red","fd0e35","torch red"
"Torea Bay","0f2d9e","torea bay"
"Tory Blue","1450aa","tory blue"
"Tosca","8d3f3f","tosca"
"Totem Pole","991b07","totem pole"
"Tower Gray","a9bdbf","tower gray"
"Tradewind","5fb3ac","tradewind"
"Tranquil","e6ffff","tranquil"
"Travertine","fffde8","travertine"
"Tree Poppy","fc9c1d","tree poppy"
"Treehouse","3b2820","treehouse"
"Trendy Green","7c881a","trendy green"
"Trendy Pink","8c6495","trendy pink"
"Trinidad","e64e03","trinidad"
"Tropical Blue","c3ddf9","tropical blue"
"Tropical Rain Forest","00755e","tropical rain forest"
"Tropical Rain Forest","17806d","tropical rain forest"
"Trout","4a4e5a","trout"
"True V","8a73d6","true v"
"Tuatara","363534","tuatara"
"Tuft Bush","ffddcd","tuft bush"
"Tulip Tree","eab33b","tulip tree"
"Tulip","ff878d","tulip"
"Tumbleweed","dea681","tumbleweed"
"Tumbleweed","deaa88","tumbleweed"
"Tuna","353542","tuna"
"Tundora","4a4244","tundora"
"Turbo","fae600","turbo"
"Turkish Rose","b57281","turkish rose"
"Turmeric","cabb48","turmeric"
"Turquoise Blue","6cdae7","turquoise blue"
"Turquoise Blue","77dde7","turquoise blue"
"Turquoise Pearl","3bbcd0","turquoise pearl"
"Turquoise","30d5c8","turquoise"
"Turtle Green","2a380b","turtle green"
"Tuscany","bd5e2e","tuscany"
"Tusk","eef3c3","tusk"
"Tussock","c5994b","tussock"
"Tutu","fff1f9","tutu"
"Twilight Blue","eefdff","twilight blue"
"Twilight Lavender","8a496b","twilight lavender"
"Twilight","e4cfde","twilight"
"Twine","c2955d","twine"
"Tyrian Purple","66023c","tyrian purple"
"Ultramarine","120a8f","ultramarine"
"Unmellow Yellow","000ff6","unmellow yellow"
"Valencia","d84437","valencia"
"Valentino","350e42","valentino"
"Valhalla","2b194f","valhalla"
"Van Cleef","49170c","van cleef"
"Vanilla Ice","f3d9df","vanilla ice"
"Vanilla","d1bea8","vanilla"
"Varden","fff6df","varden"
"Venetian Red","72010f","venetian red"
"Venice Blue","055989","venice blue"
"Venus","928590","venus"
"Verdigris","5d5e37","verdigris"
"Verdun Green","495400","verdun green"
"Vermilion","ff4d00","vermilion"
"Vesuvius","b14a0b","vesuvius"
"Victoria","534491","victoria"
"Vida Loca","549019","vida loca"
"Viking","64ccdb","viking"
"Vin Rouge","983d61","vin rouge"
"Viola","cb8fa9","viola"
"Violent Violet","290c5e","violent violet"
"Violet Blue","324ab2","violet blue"
"Violet Eggplant","991199","violet eggplant"
"Violet Purple","926eae","violet purple"
"Violet Red","f7468a","violet red"
"Violet Red","f75394","violet red"
"Violet","240a40","violet"
"Viridian Green","678975","viridian green"
"Viridian","40826d","viridian"
"Vis Vis","ffefa1","vis vis"
"Vista Blue","8fd6b4","vista blue"
"Vista White","fcf8f7","vista white"
"Vivid Tangerine","ff9980","vivid tangerine"
"Vivid Tangerine","ffa089","vivid tangerine"
"Vivid Violet","803790","vivid violet"
"Vivid Violet","8f509d","vivid violet"
"Voodoo","533455","voodoo"
"Vulcan","10121d","vulcan"
"Wafer","decbc6","wafer"
"Waikawa Gray","5a6e9c","waikawa gray"
"Waiouru","363c0d","waiouru"
"Walnut","773f1a","walnut"
"Wasabi","788a25","wasabi"
"Water Leaf","a1e9de","water leaf"
"Watercourse","056f57","watercourse"
"Waterloo ","7b7c94","waterloo "
"Wattle","dcd747","wattle"
"Watusi","ffddcf","watusi"
"Wax Flower","ffc0a8","wax flower"
"We Peep","f7dbe6","we peep"
"Web Orange","ffa500","web orange"
"Wedgewood","4e7f9e","wedgewood"
"Well Read","b43332","well read"
"West Coast","625119","west coast"
"West Side","ff910f","west side"
"Westar","dcd9d2","westar"
"Wewak","f19bab","wewak"
"Wheat","f5deb3","wheat"
"Wheatfield","f3edcf","wheatfield"
"Whiskey","d59a6f","whiskey"
"Whisper","f7f5fa","whisper"
"White Ice","ddf9f1","white ice"
"White Lilac","f8f7fc","white lilac"
"White Linen","f8f0e8","white linen"
"White Pointer","fef8ff","white pointer"
"White Rock","eae8d4","white rock"
"White","ffffff","white"
"Wild Blue Yonder","7a89b8","wild blue yonder"
"Wild Blue Yonder","a2add0","wild blue yonder"
"Wild Rice","ece090","wild rice"
"Wild Sand","f4f4f4","wild sand"
"Wild Strawberry","ff3399","wild strawberry"
"Wild Strawberry","ff43a4","wild strawberry"
"Wild Watermelon","fc6c85","wild watermelon"
"Wild Watermelon","fd5b78","wild watermelon"
"Wild Willow","b9c46a","wild willow"
"William","3a686c","william"
"Willow Brook","dfecda","willow brook"
"Willow Grove","65745d","willow grove"
"Windsor","3c0878","windsor"
"Wine Berry","591d35","wine berry"
"Winter Hazel","d5d195","winter hazel"
"Winter Sky","ff007c","winter sky"
"Winter Wizard","a0e6ff","winter wizard"
"Wintergreen Dream","56887d","wintergreen dream"
"Wisp Pink","fef4f8","wisp pink"
"Wisteria","9771b5","wisteria"
"Wisteria","cda4de","wisteria"
"Wistful","a4a6d3","wistful"
"Witch Haze","fffc99","witch haze"
"Wood Bark","261105","wood bark"
"Woodland","4d5328","woodland"
"Woodrush","302a0f","woodrush"
"Woodsmoke","0c0d0f","woodsmoke"
"Woody Brown","483131","woody brown"
"Xanadu","738678","xanadu"
"Yellow Green","c5e17a","yellow green"
"Yellow Green","c5e384","yellow green"
"Yellow Metal","716338","yellow metal"
"Yellow Orange","ffae42","yellow orange"
"Yellow Orange","ffb653","yellow orange"
"Yellow Sea","fea904","yellow sea"
"Yellow Sunshine","fff700","yellow sunshine"
"Yellow","fce883","yellow"
"Yellow","ffff00","yellow"
"Your Pink","ffc3c0","your pink"
"Yukon Gold","7b6608","yukon gold"
"Yuma","cec291","yuma"
"Zambezi","685558","zambezi"
"Zanah","daecd6","zanah"
"Zest","e5841b","zest"
"Zeus","292319","zeus"
"Ziggurat","bfdbe2","ziggurat"
"Zinnwaldite","ebc2af","zinnwaldite"
"Zircon","f4f8ff","zircon"
"Zombie","e4d69b","zombie"
"Zorba","a59b91","zorba"
"Zuccini","044022","zuccini"
"Zumthor","edf6ff","zumthor"
