"acid green","#8ffe09","acid green"
"adobe","#bd6c48","adobe"
"algae green","#21c36f","algae green"
"algae","#54ac68","algae"
"almost black","#070d0d","almost black"
"amber","#feb308","amber"
"amethyst","#9b5fc0","amethyst"
"apple green","#76cd26","apple green"
"apple","#6ecb3c","apple"
"apricot","#ffb16d","apricot"
"aqua blue","#02d8e9","aqua blue"
"aqua green","#12e193","aqua green"
"aqua marine","#2ee8bb","aqua marine"
"aqua","#13eac9","aqua"
"aquamarine","#04d8b2","aquamarine"
"army green","#4b5d16","army green"
"asparagus","#77ab56","asparagus"
"aubergine","#3d0734","aubergine"
"auburn","#9a3001","auburn"
"avocado green","#87a922","avocado green"
"avocado","#90b134","avocado"
"azul","#1d5dec","azul"
"azure","#069af3","azure"
"baby blue","#a2cffe","baby blue"
"baby green","#8cff9e","baby green"
"baby pink","#ffb7ce","baby pink"
"baby poo","#ab9004","baby poo"
"baby poop green","#8f9805","baby poop green"
"baby poop","#937c00","baby poop"
"baby puke green","#b6c406","baby puke green"
"baby purple","#ca9bf7","baby purple"
"baby shit brown","#ad900d","baby shit brown"
"baby shit green","#889717","baby shit green"
"banana yellow","#fafe4b","banana yellow"
"banana","#ffff7e","banana"
"barbie pink","#fe46a5","barbie pink"
"barf green","#94ac02","barf green"
"barney purple","#a00498","barney purple"
"barney","#ac1db8","barney"
"battleship grey","#6b7c85","battleship grey"
"beige","#e6daa6","beige"
"berry","#990f4b","berry"
"bile","#b5c306","bile"
"black","#000000","black"
"bland","#afa88b","bland"
"blood orange","#fe4b03","blood orange"
"blood red","#980002","blood red"
"blood","#770001","blood"
"blue blue","#2242c7","blue blue"
"blue green","#137e6d","blue green"
"blue grey","#607c8e","blue grey"
"blue purple","#5729ce","blue purple"
"blue violet","#5d06e9","blue violet"
"blue with a hint of purple","#533cc6","blue with a hint of purple"
"blue","#0343df","blue"
"blue/green","#0f9b8e","blue/green"
"blue/grey","#758da3","blue/grey"
"blue/purple","#5a06ef","blue/purple"
"blueberry","#464196","blueberry"
"bluegreen","#017a79","bluegreen"
"bluegrey","#85a3b2","bluegrey"
"bluey green","#2bb179","bluey green"
"bluey grey","#89a0b0","bluey grey"
"bluey purple","#6241c7","bluey purple"
"bluish green","#10a674","bluish green"
"bluish grey","#748b97","bluish grey"
"bluish purple","#703be7","bluish purple"
"bluish","#2976bb","bluish"
"blurple","#5539cc","blurple"
"blush pink","#fe828c","blush pink"
"blush","#f29e8e","blush"
"booger green","#96b403","booger green"
"booger","#9bb53c","booger"
"bordeaux","#7b002c","bordeaux"
"boring green","#63b365","boring green"
"bottle green","#044a05","bottle green"
"brick orange","#c14a09","brick orange"
"brick red","#8f1402","brick red"
"brick","#a03623","brick"
"bright aqua","#0bf9ea","bright aqua"
"bright blue","#0165fc","bright blue"
"bright cyan","#41fdfe","bright cyan"
"bright green","#01ff07","bright green"
"bright lavender","#c760ff","bright lavender"
"bright light blue","#26f7fd","bright light blue"
"bright light green","#2dfe54","bright light green"
"bright lilac","#c95efb","bright lilac"
"bright lime green","#65fe08","bright lime green"
"bright lime","#87fd05","bright lime"
"bright magenta","#ff08e8","bright magenta"
"bright olive","#9cbb04","bright olive"
"bright orange","#ff5b00","bright orange"
"bright pink","#fe01b1","bright pink"
"bright purple","#be03fd","bright purple"
"bright red","#ff000d","bright red"
"bright sea green","#05ffa6","bright sea green"
"bright sky blue","#02ccfe","bright sky blue"
"bright teal","#01f9c6","bright teal"
"bright turquoise","#0ffef9","bright turquoise"
"bright violet","#ad0afd","bright violet"
"bright yellow green","#9dff00","bright yellow green"
"bright yellow","#fffd01","bright yellow"
"british racing green","#05480d","british racing green"
"bronze","#a87900","bronze"
"brown green","#706c11","brown green"
"brown grey","#8d8468","brown grey"
"brown orange","#b96902","brown orange"
"brown red","#922b05","brown red"
"brown yellow","#b29705","brown yellow"
"brown","#653700","brown"
"brownish green","#6a6e09","brownish green"
"brownish grey","#86775f","brownish grey"
"brownish orange","#cb7723","brownish orange"
"brownish pink","#c27e79","brownish pink"
"brownish purple","#76424e","brownish purple"
"brownish red","#9e3623","brownish red"
"brownish yellow","#c9b003","brownish yellow"
"brownish","#9c6d57","brownish"
"browny green","#6f6c0a","browny green"
"browny orange","#ca6b02","browny orange"
"bruise","#7e4071","bruise"
"bubble gum pink","#ff69af","bubble gum pink"
"bubblegum pink","#fe83cc","bubblegum pink"
"bubblegum","#ff6cb5","bubblegum"
"buff","#fef69e","buff"
"burgundy","#610023","burgundy"
"burnt orange","#c04e01","burnt orange"
"burnt red","#9f2305","burnt red"
"burnt siena","#b75203","burnt siena"
"burnt sienna","#b04e0f","burnt sienna"
"burnt umber","#a0450e","burnt umber"
"burnt yellow","#d5ab09","burnt yellow"
"burple","#6832e3","burple"
"butter yellow","#fffd74","butter yellow"
"butter","#ffff81","butter"
"butterscotch","#fdb147","butterscotch"
"cadet blue","#4e7496","cadet blue"
"camel","#c69f59","camel"
"camo green","#526525","camo green"
"camo","#7f8f4e","camo"
"camouflage green","#4b6113","camouflage green"
"canary yellow","#fffe40","canary yellow"
"canary","#fdff63","canary"
"candy pink","#ff63e9","candy pink"
"caramel","#af6f09","caramel"
"carmine","#9d0216","carmine"
"carnation pink","#ff7fa7","carnation pink"
"carnation","#fd798f","carnation"
"carolina blue","#8ab8fe","carolina blue"
"celadon","#befdb7","celadon"
"celery","#c1fd95","celery"
"cement","#a5a391","cement"
"cerise","#de0c62","cerise"
"cerulean blue","#056eee","cerulean blue"
"cerulean","#0485d1","cerulean"
"charcoal grey","#3c4142","charcoal grey"
"charcoal","#343837","charcoal"
"chartreuse","#c1f80a","chartreuse"
"cherry red","#f7022a","cherry red"
"cherry","#cf0234","cherry"
"chestnut","#742802","chestnut"
"chocolate brown","#411900","chocolate brown"
"chocolate","#3d1c02","chocolate"
"cinnamon","#ac4f06","cinnamon"
"claret","#680018","claret"
"clay brown","#b2713d","clay brown"
"clay","#b66a50","clay"
"clear blue","#247afd","clear blue"
"cloudy blue","#acc2d9","cloudy blue"
"cobalt blue","#030aa7","cobalt blue"
"cobalt","#1e488f","cobalt"
"cocoa","#875f42","cocoa"
"coffee","#a6814c","coffee"
"cool blue","#4984b8","cool blue"
"cool green","#33b864","cool green"
"cool grey","#95a3a6","cool grey"
"copper","#b66325","copper"
"coral pink","#ff6163","coral pink"
"coral","#fc5a50","coral"
"cornflower blue","#5170d7","cornflower blue"
"cornflower","#6a79f7","cornflower"
"cranberry","#9e003a","cranberry"
"cream","#ffffc2","cream"
"creme","#ffffb6","creme"
"crimson","#8c000f","crimson"
"custard","#fffd78","custard"
"cyan","#00ffff","cyan"
"dandelion","#fedf08","dandelion"
"dark aqua","#05696b","dark aqua"
"dark aquamarine","#017371","dark aquamarine"
"dark beige","#ac9362","dark beige"
"dark blue green","#005249","dark blue green"
"dark blue grey","#1f3b4d","dark blue grey"
"dark blue","#00035b","dark blue"
"dark brown","#341c02","dark brown"
"dark coral","#cf524e","dark coral"
"dark cream","#fff39a","dark cream"
"dark cyan","#0a888a","dark cyan"
"dark forest green","#002d04","dark forest green"
"dark fuchsia","#9d0759","dark fuchsia"
"dark gold","#b59410","dark gold"
"dark grass green","#388004","dark grass green"
"dark green blue","#1f6357","dark green blue"
"dark green","#033500","dark green"
"dark grey blue","#29465b","dark grey blue"
"dark grey","#363737","dark grey"
"dark hot pink","#d90166","dark hot pink"
"dark indigo","#1f0954","dark indigo"
"dark khaki","#9b8f55","dark khaki"
"dark lavender","#856798","dark lavender"
"dark lilac","#9c6da5","dark lilac"
"dark lime green","#7ebd01","dark lime green"
"dark lime","#84b701","dark lime"
"dark magenta","#960056","dark magenta"
"dark maroon","#3c0008","dark maroon"
"dark mauve","#874c62","dark mauve"
"dark mint green","#20c073","dark mint green"
"dark mint","#48c072","dark mint"
"dark mustard","#a88905","dark mustard"
"dark navy blue","#00022e","dark navy blue"
"dark navy","#000435","dark navy"
"dark olive green","#3c4d03","dark olive green"
"dark olive","#373e02","dark olive"
"dark orange","#c65102","dark orange"
"dark pastel green","#56ae57","dark pastel green"
"dark peach","#de7e5d","dark peach"
"dark periwinkle","#665fd1","dark periwinkle"
"dark pink","#cb416b","dark pink"
"dark plum","#3f012c","dark plum"
"dark purple","#35063e","dark purple"
"dark red","#840000","dark red"
"dark rose","#b5485d","dark rose"
"dark royal blue","#02066f","dark royal blue"
"dark sage","#598556","dark sage"
"dark salmon","#c85a53","dark salmon"
"dark sand","#a88f59","dark sand"
"dark sea green","#11875d","dark sea green"
"dark seafoam green","#3eaf76","dark seafoam green"
"dark seafoam","#1fb57a","dark seafoam"
"dark sky blue","#448ee4","dark sky blue"
"dark slate blue","#214761","dark slate blue"
"dark tan","#af884a","dark tan"
"dark taupe","#7f684e","dark taupe"
"dark teal","#014d4e","dark teal"
"dark turquoise","#045c5a","dark turquoise"
"dark violet","#34013f","dark violet"
"dark yellow green","#728f02","dark yellow green"
"dark yellow","#d5b60a","dark yellow"
"dark","#1b2431","dark"
"darkblue","#030764","darkblue"
"darkgreen","#054907","darkgreen"
"darkish blue","#014182","darkish blue"
"darkish green","#287c37","darkish green"
"darkish pink","#da467d","darkish pink"
"darkish purple","#751973","darkish purple"
"darkish red","#a90308","darkish red"
"deep aqua","#08787f","deep aqua"
"deep blue","#040273","deep blue"
"deep brown","#410200","deep brown"
"deep green","#02590f","deep green"
"deep lavender","#8d5eb7","deep lavender"
"deep lilac","#966ebd","deep lilac"
"deep magenta","#a0025c","deep magenta"
"deep orange","#dc4d01","deep orange"
"deep pink","#cb0162","deep pink"
"deep purple","#36013f","deep purple"
"deep red","#9a0200","deep red"
"deep rose","#c74767","deep rose"
"deep sea blue","#015482","deep sea blue"
"deep sky blue","#0d75f8","deep sky blue"
"deep teal","#00555a","deep teal"
"deep turquoise","#017374","deep turquoise"
"deep violet","#490648","deep violet"
"denim blue","#3b5b92","denim blue"
"denim","#3b638c","denim"
"desert","#ccad60","desert"
"diarrhea","#9f8303","diarrhea"
"dirt brown","#836539","dirt brown"
"dirt","#8a6e45","dirt"
"dirty blue","#3f829d","dirty blue"
"dirty green","#667e2c","dirty green"
"dirty orange","#c87606","dirty orange"
"dirty pink","#ca7b80","dirty pink"
"dirty purple","#734a65","dirty purple"
"dirty yellow","#cdc50a","dirty yellow"
"dodger blue","#3e82fc","dodger blue"
"drab green","#749551","drab green"
"drab","#828344","drab"
"dried blood","#4b0101","dried blood"
"duck egg blue","#c3fbf4","duck egg blue"
"dull blue","#49759c","dull blue"
"dull brown","#876e4b","dull brown"
"dull green","#74a662","dull green"
"dull orange","#d8863b","dull orange"
"dull pink","#d5869d","dull pink"
"dull purple","#84597e","dull purple"
"dull red","#bb3f3f","dull red"
"dull teal","#5f9e8f","dull teal"
"dull yellow","#eedc5b","dull yellow"
"dusk blue","#26538d","dusk blue"
"dusk","#4e5481","dusk"
"dusky blue","#475f94","dusky blue"
"dusky pink","#cc7a8b","dusky pink"
"dusky purple","#895b7b","dusky purple"
"dusky rose","#ba6873","dusky rose"
"dust","#b2996e","dust"
"dusty blue","#5a86ad","dusty blue"
"dusty green","#76a973","dusty green"
"dusty lavender","#ac86a8","dusty lavender"
"dusty orange","#f0833a","dusty orange"
"dusty pink","#d58a94","dusty pink"
"dusty purple","#825f87","dusty purple"
"dusty red","#b9484e","dusty red"
"dusty rose","#c0737a","dusty rose"
"dusty teal","#4c9085","dusty teal"
"earth","#a2653e","earth"
"easter green","#8cfd7e","easter green"
"easter purple","#c071fe","easter purple"
"ecru","#feffca","ecru"
"egg shell","#fffcc4","egg shell"
"eggplant purple","#430541","eggplant purple"
"eggplant","#380835","eggplant"
"eggshell blue","#c4fff7","eggshell blue"
"eggshell","#ffffd4","eggshell"
"electric blue","#0652ff","electric blue"
"electric green","#21fc0d","electric green"
"electric lime","#a8ff04","electric lime"
"electric pink","#ff0490","electric pink"
"electric purple","#aa23ff","electric purple"
"emerald green","#028f1e","emerald green"
"emerald","#01a049","emerald"
"evergreen","#05472a","evergreen"
"faded blue","#658cbb","faded blue"
"faded green","#7bb274","faded green"
"faded orange","#f0944d","faded orange"
"faded pink","#de9dac","faded pink"
"faded purple","#916e99","faded purple"
"faded red","#d3494e","faded red"
"faded yellow","#feff7f","faded yellow"
"fawn","#cfaf7b","fawn"
"fern green","#548d44","fern green"
"fern","#63a950","fern"
"fire engine red","#fe0002","fire engine red"
"flat blue","#3c73a8","flat blue"
"flat green","#699d4c","flat green"
"fluorescent green","#08ff08","fluorescent green"
"fluro green","#0aff02","fluro green"
"foam green","#90fda9","foam green"
"forest green","#06470c","forest green"
"forest","#0b5509","forest"
"forrest green","#154406","forrest green"
"french blue","#436bad","french blue"
"fresh green","#69d84f","fresh green"
"frog green","#58bc08","frog green"
"fuchsia","#ed0dd9","fuchsia"
"gold","#dbb40c","gold"
"golden brown","#b27a01","golden brown"
"golden rod","#f9bc08","golden rod"
"golden yellow","#fec615","golden yellow"
"golden","#f5bf03","golden"
"goldenrod","#fac205","goldenrod"
"grape purple","#5d1451","grape purple"
"grape","#6c3461","grape"
"grapefruit","#fd5956","grapefruit"
"grass green","#3f9b0b","grass green"
"grass","#5cac2d","grass"
"grassy green","#419c03","grassy green"
"green apple","#5edc1f","green apple"
"green blue","#06b48b","green blue"
"green brown","#544e03","green brown"
"green grey","#77926f","green grey"
"green teal","#0cb577","green teal"
"green yellow","#c9ff27","green yellow"
"green","#15b01a","green"
"green/blue","#01c08d","green/blue"
"green/yellow","#b5ce08","green/yellow"
"greenblue","#23c48b","greenblue"
"greenish beige","#c9d179","greenish beige"
"greenish blue","#0b8b87","greenish blue"
"greenish brown","#696112","greenish brown"
"greenish cyan","#2afeb7","greenish cyan"
"greenish grey","#96ae8d","greenish grey"
"greenish tan","#bccb7a","greenish tan"
"greenish teal","#32bf84","greenish teal"
"greenish turquoise","#00fbb0","greenish turquoise"
"greenish yellow","#cdfd02","greenish yellow"
"greenish","#40a368","greenish"
"greeny blue","#42b395","greeny blue"
"greeny brown","#696006","greeny brown"
"greeny grey","#7ea07a","greeny grey"
"greeny yellow","#c6f808","greeny yellow"
"grey blue","#6b8ba4","grey blue"
"grey brown","#7f7053","grey brown"
"grey green","#789b73","grey green"
"grey pink","#c3909b","grey pink"
"grey purple","#826d8c","grey purple"
"grey teal","#5e9b8a","grey teal"
"grey","#929591","grey"
"grey/blue","#647d8e","grey/blue"
"grey/green","#86a17d","grey/green"
"greyblue","#77a1b5","greyblue"
"greyish blue","#5e819d","greyish blue"
"greyish brown","#7a6a4f","greyish brown"
"greyish green","#82a67d","greyish green"
"greyish pink","#c88d94","greyish pink"
"greyish purple","#887191","greyish purple"
"greyish teal","#719f91","greyish teal"
"greyish","#a8a495","greyish"
"gross green","#a0bf16","gross green"
"gunmetal","#536267","gunmetal"
"hazel","#8e7618","hazel"
"heather","#a484ac","heather"
"heliotrope","#d94ff5","heliotrope"
"highlighter green","#1bfc06","highlighter green"
"hospital green","#9be5aa","hospital green"
"hot green","#25ff29","hot green"
"hot magenta","#f504c9","hot magenta"
"hot pink","#ff028d","hot pink"
"hot purple","#cb00f5","hot purple"
"hunter green","#0b4008","hunter green"
"ice blue","#d7fffe","ice blue"
"ice","#d6fffa","ice"
"icky green","#8fae22","icky green"
"indian red","#850e04","indian red"
"indigo blue","#3a18b1","indigo blue"
"indigo","#380282","indigo"
"iris","#6258c4","iris"
"irish green","#019529","irish green"
"ivory","#ffffcb","ivory"
"jade green","#2baf6a","jade green"
"jade","#1fa774","jade"
"jungle green","#048243","jungle green"
"kelley green","#009337","kelley green"
"kelly green","#02ab2e","kelly green"
"kermit green","#5cb200","kermit green"
"key lime","#aeff6e","key lime"
"khaki green","#728639","khaki green"
"khaki","#aaa662","khaki"
"kiwi green","#8ee53f","kiwi green"
"kiwi","#9cef43","kiwi"
"lavender blue","#8b88f8","lavender blue"
"lavender pink","#dd85d7","lavender pink"
"lavender","#c79fef","lavender"
"lawn green","#4da409","lawn green"
"leaf green","#5ca904","leaf green"
"leaf","#71aa34","leaf"
"leafy green","#51b73b","leafy green"
"leather","#ac7434","leather"
"lemon green","#adf802","lemon green"
"lemon lime","#bffe28","lemon lime"
"lemon yellow","#fdff38","lemon yellow"
"lemon","#fdff52","lemon"
"lichen","#8fb67b","lichen"
"light aqua","#8cffdb","light aqua"
"light aquamarine","#7bfdc7","light aquamarine"
"light beige","#fffeb6","light beige"
"light blue green","#7efbb3","light blue green"
"light blue grey","#b7c9e2","light blue grey"
"light blue","#95d0fc","light blue"
"light bluish green","#76fda8","light bluish green"
"light bright green","#53fe5c","light bright green"
"light brown","#ad8150","light brown"
"light burgundy","#a8415b","light burgundy"
"light cyan","#acfffc","light cyan"
"light eggplant","#894585","light eggplant"
"light forest green","#4f9153","light forest green"
"light gold","#fddc5c","light gold"
"light grass green","#9af764","light grass green"
"light green blue","#56fca2","light green blue"
"light green","#96f97b","light green"
"light greenish blue","#63f7b4","light greenish blue"
"light grey blue","#9dbcd4","light grey blue"
"light grey green","#b7e1a1","light grey green"
"light grey","#d8dcd6","light grey"
"light indigo","#6d5acf","light indigo"
"light khaki","#e6f2a2","light khaki"
"light lavendar","#efc0fe","light lavendar"
"light lavender","#dfc5fe","light lavender"
"light light blue","#cafffb","light light blue"
"light light green","#c8ffb0","light light green"
"light lilac","#edc8ff","light lilac"
"light lime green","#b9ff66","light lime green"
"light lime","#aefd6c","light lime"
"light magenta","#fa5ff7","light magenta"
"light maroon","#a24857","light maroon"
"light mauve","#c292a1","light mauve"
"light mint green","#a6fbb2","light mint green"
"light mint","#b6ffbb","light mint"
"light moss green","#a6c875","light moss green"
"light mustard","#f7d560","light mustard"
"light navy blue","#2e5a88","light navy blue"
"light navy","#155084","light navy"
"light neon green","#4efd54","light neon green"
"light olive green","#a4be5c","light olive green"
"light olive","#acbf69","light olive"
"light orange","#fdaa48","light orange"
"light pastel green","#b2fba5","light pastel green"
"light pea green","#c4fe82","light pea green"
"light peach","#ffd8b1","light peach"
"light periwinkle","#c1c6fc","light periwinkle"
"light pink","#ffd1df","light pink"
"light plum","#9d5783","light plum"
"light purple","#bf77f6","light purple"
"light red","#ff474c","light red"
"light rose","#ffc5cb","light rose"
"light royal blue","#3a2efe","light royal blue"
"light sage","#bcecac","light sage"
"light salmon","#fea993","light salmon"
"light sea green","#98f6b0","light sea green"
"light seafoam green","#a7ffb5","light seafoam green"
"light seafoam","#a0febf","light seafoam"
"light sky blue","#c6fcff","light sky blue"
"light tan","#fbeeac","light tan"
"light teal","#90e4c1","light teal"
"light turquoise","#7ef4cc","light turquoise"
"light urple","#b36ff6","light urple"
"light violet","#d6b4fc","light violet"
"light yellow green","#ccfd7f","light yellow green"
"light yellow","#fffe7a","light yellow"
"light yellowish green","#c2ff89","light yellowish green"
"lightblue","#7bc8f6","lightblue"
"lighter green","#75fd63","lighter green"
"lighter purple","#a55af4","lighter purple"
"lightgreen","#76ff7b","lightgreen"
"lightish blue","#3d7afd","lightish blue"
"lightish green","#61e160","lightish green"
"lightish purple","#a552e6","lightish purple"
"lightish red","#fe2f4a","lightish red"
"lilac","#cea2fd","lilac"
"liliac","#c48efd","liliac"
"lime green","#89fe05","lime green"
"lime yellow","#d0fe1d","lime yellow"
"lime","#aaff32","lime"
"lipstick red","#c0022f","lipstick red"
"lipstick","#d5174e","lipstick"
"macaroni and cheese","#efb435","macaroni and cheese"
"magenta","#c20078","magenta"
"mahogany","#4a0100","mahogany"
"maize","#f4d054","maize"
"mango","#ffa62b","mango"
"manilla","#fffa86","manilla"
"marigold","#fcc006","marigold"
"marine blue","#01386a","marine blue"
"marine","#042e60","marine"
"maroon","#650021","maroon"
"mauve","#ae7181","mauve"
"medium blue","#2c6fbb","medium blue"
"medium brown","#7f5112","medium brown"
"medium green","#39ad48","medium green"
"medium grey","#7d7f7c","medium grey"
"medium pink","#f36196","medium pink"
"medium purple","#9e43a2","medium purple"
"melon","#ff7855","melon"
"merlot","#730039","merlot"
"metallic blue","#4f738e","metallic blue"
"mid blue","#276ab3","mid blue"
"mid green","#50a747","mid green"
"midnight blue","#020035","midnight blue"
"midnight purple","#280137","midnight purple"
"midnight","#03012d","midnight"
"military green","#667c3e","military green"
"milk chocolate","#7f4e1e","milk chocolate"
"mint green","#8fff9f","mint green"
"mint","#9ffeb0","mint"
"minty green","#0bf77d","minty green"
"mocha","#9d7651","mocha"
"moss green","#658b38","moss green"
"moss","#769958","moss"
"mossy green","#638b27","mossy green"
"mud brown","#60460f","mud brown"
"mud green","#606602","mud green"
"mud","#735c12","mud"
"muddy brown","#886806","muddy brown"
"muddy green","#657432","muddy green"
"muddy yellow","#bfac05","muddy yellow"
"mulberry","#920a4e","mulberry"
"murky green","#6c7a0e","murky green"
"mushroom","#ba9e88","mushroom"
"mustard brown","#ac7e04","mustard brown"
"mustard green","#a8b504","mustard green"
"mustard yellow","#d2bd0a","mustard yellow"
"mustard","#ceb301","mustard"
"muted blue","#3b719f","muted blue"
"muted green","#5fa052","muted green"
"muted pink","#d1768f","muted pink"
"muted purple","#805b87","muted purple"
"nasty green","#70b23f","nasty green"
"navy blue","#001146","navy blue"
"navy green","#35530a","navy green"
"navy","#01153e","navy"
"neon blue","#04d9ff","neon blue"
"neon green","#0cff0c","neon green"
"neon pink","#fe019a","neon pink"
"neon purple","#bc13fe","neon purple"
"neon red","#ff073a","neon red"
"neon yellow","#cfff04","neon yellow"
"nice blue","#107ab0","nice blue"
"night blue","#040348","night blue"
"ocean blue","#03719c","ocean blue"
"ocean green","#3d9973","ocean green"
"ocean","#017b92","ocean"
"ocher","#bf9b0c","ocher"
"ochre","#bf9005","ochre"
"ocre","#c69c04","ocre"
"off blue","#5684ae","off blue"
"off green","#6ba353","off green"
"off white","#ffffe4","off white"
"off yellow","#f1f33f","off yellow"
"old pink","#c77986","old pink"
"old rose","#c87f89","old rose"
"olive brown","#645403","olive brown"
"olive drab","#6f7632","olive drab"
"olive green","#677a04","olive green"
"olive yellow","#c2b709","olive yellow"
"olive","#6e750e","olive"
"orange brown","#be6400","orange brown"
"orange pink","#ff6f52","orange pink"
"orange red","#fd411e","orange red"
"orange yellow","#ffad01","orange yellow"
"orange","#f97306","orange"
"orangeish","#fd8d49","orangeish"
"orangered","#fe420f","orangered"
"orangey brown","#b16002","orangey brown"
"orangey red","#fa4224","orangey red"
"orangey yellow","#fdb915","orangey yellow"
"orangish brown","#b25f03","orangish brown"
"orangish red","#f43605","orangish red"
"orangish","#fc824a","orangish"
"orchid","#c875c4","orchid"
"pale aqua","#b8ffeb","pale aqua"
"pale blue","#d0fefe","pale blue"
"pale brown","#b1916e","pale brown"
"pale cyan","#b7fffa","pale cyan"
"pale gold","#fdde6c","pale gold"
"pale green","#c7fdb5","pale green"
"pale grey","#fdfdfe","pale grey"
"pale lavender","#eecffe","pale lavender"
"pale light green","#b1fc99","pale light green"
"pale lilac","#e4cbff","pale lilac"
"pale lime green","#b1ff65","pale lime green"
"pale lime","#befd73","pale lime"
"pale magenta","#d767ad","pale magenta"
"pale mauve","#fed0fc","pale mauve"
"pale olive green","#b1d27b","pale olive green"
"pale olive","#b9cc81","pale olive"
"pale orange","#ffa756","pale orange"
"pale peach","#ffe5ad","pale peach"
"pale pink","#ffcfdc","pale pink"
"pale purple","#b790d4","pale purple"
"pale red","#d9544d","pale red"
"pale rose","#fdc1c5","pale rose"
"pale salmon","#ffb19a","pale salmon"
"pale sky blue","#bdf6fe","pale sky blue"
"pale teal","#82cbb2","pale teal"
"pale turquoise","#a5fbd5","pale turquoise"
"pale violet","#ceaefa","pale violet"
"pale yellow","#ffff84","pale yellow"
"pale","#fff9d0","pale"
"parchment","#fefcaf","parchment"
"pastel blue","#a2bffe","pastel blue"
"pastel green","#b0ff9d","pastel green"
"pastel orange","#ff964f","pastel orange"
"pastel pink","#ffbacd","pastel pink"
"pastel purple","#caa0ff","pastel purple"
"pastel red","#db5856","pastel red"
"pastel yellow","#fffe71","pastel yellow"
"pea green","#8eab12","pea green"
"pea soup green","#94a617","pea soup green"
"pea soup","#929901","pea soup"
"pea","#a4bf20","pea"
"peach","#ffb07c","peach"
"peachy pink","#ff9a8a","peachy pink"
"peacock blue","#016795","peacock blue"
"pear","#cbf85f","pear"
"periwinkle blue","#8f99fb","periwinkle blue"
"periwinkle","#8e82fe","periwinkle"
"perrywinkle","#8f8ce7","perrywinkle"
"petrol","#005f6a","petrol"
"pig pink","#e78ea5","pig pink"
"pine green","#0a481e","pine green"
"pine","#2b5d34","pine"
"pink purple","#db4bda","pink purple"
"pink red","#f5054f","pink red"
"pink","#ff81c0","pink"
"pink/purple","#ef1de7","pink/purple"
"pinkish brown","#b17261","pinkish brown"
"pinkish grey","#c8aca9","pinkish grey"
"pinkish orange","#ff724c","pinkish orange"
"pinkish purple","#d648d7","pinkish purple"
"pinkish red","#f10c45","pinkish red"
"pinkish tan","#d99b82","pinkish tan"
"pinkish","#d46a7e","pinkish"
"pinky purple","#c94cbe","pinky purple"
"pinky red","#fc2647","pinky red"
"pinky","#fc86aa","pinky"
"piss yellow","#ddd618","piss yellow"
"pistachio","#c0fa8b","pistachio"
"plum purple","#4e0550","plum purple"
"plum","#580f41","plum"
"poison green","#40fd14","poison green"
"poo brown","#885f01","poo brown"
"poo","#8f7303","poo"
"poop brown","#7a5901","poop brown"
"poop green","#6f7c00","poop green"
"poop","#7f5e00","poop"
"powder blue","#b1d1fc","powder blue"
"powder pink","#ffb2d0","powder pink"
"primary blue","#0804f9","primary blue"
"prussian blue","#004577","prussian blue"
"puce","#a57e52","puce"
"puke brown","#947706","puke brown"
"puke green","#9aae07","puke green"
"puke yellow","#c2be0e","puke yellow"
"puke","#a5a502","puke"
"pumpkin orange","#fb7d07","pumpkin orange"
"pumpkin","#e17701","pumpkin"
"pure blue","#0203e2","pure blue"
"purple blue","#632de9","purple blue"
"purple brown","#673a3f","purple brown"
"purple grey","#866f85","purple grey"
"purple pink","#e03fd8","purple pink"
"purple red","#990147","purple red"
"purple","#7e1e9c","purple"
"purple/blue","#5d21d0","purple/blue"
"purple/pink","#d725de","purple/pink"
"purpleish blue","#6140ef","purpleish blue"
"purpleish pink","#df4ec8","purpleish pink"
"purpleish","#98568d","purpleish"
"purpley blue","#5f34e7","purpley blue"
"purpley grey","#947e94","purpley grey"
"purpley pink","#c83cb9","purpley pink"
"purpley","#8756e4","purpley"
"purplish blue","#601ef9","purplish blue"
"purplish brown","#6b4247","purplish brown"
"purplish grey","#7a687f","purplish grey"
"purplish pink","#ce5dae","purplish pink"
"purplish red","#b0054b","purplish red"
"purplish","#94568c","purplish"
"purply blue","#661aee","purply blue"
"purply pink","#f075e6","purply pink"
"purply","#983fb2","purply"
"putty","#beae8a","putty"
"racing green","#014600","racing green"
"radioactive green","#2cfa1f","radioactive green"
"raspberry","#b00149","raspberry"
"raw sienna","#9a6200","raw sienna"
"raw umber","#a75e09","raw umber"
"really light blue","#d4ffff","really light blue"
"red brown","#8b2e16","red brown"
"red orange","#fd3c06","red orange"
"red pink","#fa2a55","red pink"
"red purple","#820747","red purple"
"red violet","#9e0168","red violet"
"red wine","#8c0034","red wine"
"red","#e50000","red"
"reddish brown","#7f2b0a","reddish brown"
"reddish grey","#997570","reddish grey"
"reddish orange","#f8481c","reddish orange"
"reddish pink","#fe2c54","reddish pink"
"reddish purple","#910951","reddish purple"
"reddish","#c44240","reddish"
"reddy brown","#6e1005","reddy brown"
"rich blue","#021bf9","rich blue"
"rich purple","#720058","rich purple"
"robin egg blue","#8af1fe","robin egg blue"
"robin's egg blue","#98eff9","robin's egg blue"
"robin's egg","#6dedfd","robin's egg"
"rosa","#fe86a4","rosa"
"rose pink","#f7879a","rose pink"
"rose red","#be013c","rose red"
"rose","#cf6275","rose"
"rosy pink","#f6688e","rosy pink"
"rouge","#ab1239","rouge"
"royal blue","#0504aa","royal blue"
"royal purple","#4b006e","royal purple"
"royal","#0c1793","royal"
"ruby","#ca0147","ruby"
"russet","#a13905","russet"
"rust brown","#8b3103","rust brown"
"rust orange","#c45508","rust orange"
"rust red","#aa2704","rust red"
"rust","#a83c09","rust"
"rusty orange","#cd5909","rusty orange"
"rusty red","#af2f0d","rusty red"
"saffron","#feb209","saffron"
"sage green","#88b378","sage green"
"sage","#87ae73","sage"
"salmon pink","#fe7b7c","salmon pink"
"salmon","#ff796c","salmon"
"sand brown","#cba560","sand brown"
"sand yellow","#fce166","sand yellow"
"sand","#e2ca76","sand"
"sandstone","#c9ae74","sandstone"
"sandy brown","#c4a661","sandy brown"
"sandy yellow","#fdee73","sandy yellow"
"sandy","#f1da7a","sandy"
"sap green","#5c8b15","sap green"
"sapphire","#2138ab","sapphire"
"scarlet","#be0119","scarlet"
"sea blue","#047495","sea blue"
"sea green","#53fca1","sea green"
"sea","#3c9992","sea"
"seafoam blue","#78d1b6","seafoam blue"
"seafoam green","#7af9ab","seafoam green"
"seafoam","#80f9ad","seafoam"
"seaweed green","#35ad6b","seaweed green"
"seaweed","#18d17b","seaweed"
"sepia","#985e2b","sepia"
"shamrock green","#02c14d","shamrock green"
"shamrock","#01b44c","shamrock"
"shit brown","#7b5804","shit brown"
"shit green","#758000","shit green"
"shit","#7f5f00","shit"
"shocking pink","#fe02a2","shocking pink"
"sick green","#9db92c","sick green"
"sickly green","#94b21c","sickly green"
"sickly yellow","#d0e429","sickly yellow"
"sienna","#a9561e","sienna"
"silver","#c5c9c7","silver"
"sky blue","#75bbfd","sky blue"
"sky","#82cafc","sky"
"slate blue","#5b7c99","slate blue"
"slate green","#658d6d","slate green"
"slate grey","#59656d","slate grey"
"slate","#516572","slate"
"slime green","#99cc04","slime green"
"snot green","#9dc100","snot green"
"snot","#acbb0d","snot"
"soft blue","#6488ea","soft blue"
"soft green","#6fc276","soft green"
"soft pink","#fdb0c0","soft pink"
"soft purple","#a66fb5","soft purple"
"spearmint","#1ef876","spearmint"
"spring green","#a9f971","spring green"
"spruce","#0a5f38","spruce"
"squash","#f2ab15","squash"
"steel blue","#5a7d9a","steel blue"
"steel grey","#6f828a","steel grey"
"steel","#738595","steel"
"stone","#ada587","stone"
"stormy blue","#507b9c","stormy blue"
"straw","#fcf679","straw"
"strawberry","#fb2943","strawberry"
"strong blue","#0c06f7","strong blue"
"strong pink","#ff0789","strong pink"
"sun yellow","#ffdf22","sun yellow"
"sunflower yellow","#ffda03","sunflower yellow"
"sunflower","#ffc512","sunflower"
"sunny yellow","#fff917","sunny yellow"
"sunshine yellow","#fffd37","sunshine yellow"
"swamp green","#748500","swamp green"
"swamp","#698339","swamp"
"tan brown","#ab7e4c","tan brown"
"tan green","#a9be70","tan green"
"tan","#d1b26f","tan"
"tangerine","#ff9408","tangerine"
"taupe","#b9a281","taupe"
"tea green","#bdf8a3","tea green"
"tea","#65ab7c","tea"
"teal blue","#01889f","teal blue"
"teal green","#25a36f","teal green"
"teal","#029386","teal"
"tealish green","#0cdc73","tealish green"
"tealish","#24bca8","tealish"
"terra cotta","#c9643b","terra cotta"
"terracota","#cb6843","terracota"
"terracotta","#ca6641","terracotta"
"tiffany blue","#7bf2da","tiffany blue"
"tomato red","#ec2d01","tomato red"
"tomato","#ef4026","tomato"
"topaz","#13bbaf","topaz"
"toupe","#c7ac7d","toupe"
"toxic green","#61de2a","toxic green"
"tree green","#2a7e19","tree green"
"true blue","#010fcc","true blue"
"true green","#089404","true green"
"turquoise blue","#06b1c4","turquoise blue"
"turquoise green","#04f489","turquoise green"
"turquoise","#06c2ac","turquoise"
"turtle green","#75b84f","turtle green"
"twilight blue","#0a437a","twilight blue"
"twilight","#4e518b","twilight"
"ugly blue","#31668a","ugly blue"
"ugly brown","#7d7103","ugly brown"
"ugly green","#7a9703","ugly green"
"ugly pink","#cd7584","ugly pink"
"ugly purple","#a442a0","ugly purple"
"ugly yellow","#d0c101","ugly yellow"
"ultramarine blue","#1805db","ultramarine blue"
"ultramarine","#2000b1","ultramarine"
"umber","#b26400","umber"
"velvet","#750851","velvet"
"vermillion","#f4320c","vermillion"
"very dark blue","#000133","very dark blue"
"very dark brown","#1d0200","very dark brown"
"very dark green","#062e03","very dark green"
"very dark purple","#2a0134","very dark purple"
"very light blue","#d5ffff","very light blue"
"very light brown","#d3b683","very light brown"
"very light green","#d1ffbd","very light green"
"very light pink","#fff4f2","very light pink"
"very light purple","#f6cefc","very light purple"
"very pale blue","#d6fffe","very pale blue"
"very pale green","#cffdbc","very pale green"
"vibrant blue","#0339f8","vibrant blue"
"vibrant green","#0add08","vibrant green"
"vibrant purple","#ad03de","vibrant purple"
"violet blue","#510ac9","violet blue"
"violet pink","#fb5ffc","violet pink"
"violet red","#a50055","violet red"
"violet","#9a0eea","violet"
"viridian","#1e9167","viridian"
"vivid blue","#152eff","vivid blue"
"vivid green","#2fef10","vivid green"
"vivid purple","#9900fa","vivid purple"
"vomit green","#89a203","vomit green"
"vomit yellow","#c7c10c","vomit yellow"
"vomit","#a2a415","vomit"
"warm blue","#4b57db","warm blue"
"warm brown","#964e02","warm brown"
"warm grey","#978a84","warm grey"
"warm pink","#fb5581","warm pink"
"warm purple","#952e8f","warm purple"
"washed out green","#bcf5a6","washed out green"
"water blue","#0e87cc","water blue"
"watermelon","#fd4659","watermelon"
"weird green","#3ae57f","weird green"
"wheat","#fbdd7e","wheat"
"white","#ffffff","white"
"windows blue","#3778bf","windows blue"
"wine red","#7b0323","wine red"
"wine","#80013f","wine"
"wintergreen","#20f986","wintergreen"
"wisteria","#a87dc2","wisteria"
"yellow brown","#b79400","yellow brown"
"yellow green","#c0fb2d","yellow green"
"yellow ochre","#cb9d06","yellow ochre"
"yellow orange","#fcb001","yellow orange"
"yellow tan","#ffe36e","yellow tan"
"yellow","#ffff14","yellow"
"yellow/green","#c8fd3d","yellow/green"
"yellowgreen","#bbf90f","yellowgreen"
"yellowish brown","#9b7a01","yellowish brown"
"yellowish green","#b0dd16","yellowish green"
"yellowish orange","#ffab0f","yellowish orange"
"yellowish tan","#fcfc81","yellowish tan"
"yellowish","#faee66","yellowish"
"yellowy brown","#ae8b0c","yellowy brown"
"yellowy green","#bff128","yellowy green"
